CREATE DATABASE IF NOT EXISTS `monition`; USE `monition`; 
SET FOREIGN_KEY_CHECKS=0;
SET UNIQUE_CHECKS=0;
DROP TABLE IF EXISTS `decisions`;
CREATE TABLE `decisions` (
  `id` int NOT NULL AUTO_INCREMENT,
  `takeaway_id` int NOT NULL,
  `session_id` varchar(64),
  `decided_at` datetime NOT NULL,
  `decision` enum('fire','suppress') NOT NULL,
  `evidence_count` int NOT NULL,
  `cold_start` tinyint(1) NOT NULL DEFAULT '0',
  `ev_score` decimal(5,4),
  PRIMARY KEY (`id`)
) ENGINE=InnoDB AUTO_INCREMENT=386 DEFAULT CHARSET=utf8mb4 COLLATE=utf8mb4_0900_bin;
INSERT INTO `decisions` (`id`,`takeaway_id`,`session_id`,`decided_at`,`decision`,`evidence_count`,`cold_start`,`ev_score`) VALUES (1,5,'bdce2d86-ec15-45a2-af25-05b6695b30b8','2026-06-12 03:45:24','fire',0,1,NULL), (2,6,'bdce2d86-ec15-45a2-af25-05b6695b30b8','2026-06-12 03:45:25','fire',1,1,NULL), (3,3,'8899b96a-8f8f-46d5-89fa-77126d92098b','2026-06-12 10:01:19','fire',1,1,NULL), (4,8,'bdce2d86-ec15-45a2-af25-05b6695b30b8','2026-06-12 10:31:35','fire',0,1,NULL), (5,9,'bdce2d86-ec15-45a2-af25-05b6695b30b8','2026-06-12 10:31:59','fire',0,1,NULL), (6,3,'93eb480c-66eb-417b-bf24-752d8461439e','2026-06-12 12:00:37','fire',1,1,NULL), (7,3,'f6708933-aea0-4a1b-b46d-8f11e1f3b948','2026-06-12 16:17:51','fire',1,1,NULL), (8,3,'c06f513e-0efa-4719-aeb3-180aa281a17f','2026-06-12 16:18:05','fire',1,1,NULL), (9,5,'c06f513e-0efa-4719-aeb3-180aa281a17f','2026-06-12 16:20:41','fire',1,1,NULL), (10,6,'c06f513e-0efa-4719-aeb3-180aa281a17f','2026-06-12 16:20:41','fire',2,1,NULL), (11,1,'c06f513e-0efa-4719-aeb3-180aa281a17f','2026-06-12 16:20:57','fire',2,1,NULL), (12,9,'c06f513e-0efa-4719-aeb3-180aa281a17f','2026-06-12 16:20:58','fire',1,1,NULL), (13,7,'synthetic-live-verify','2026-06-12 17:27:16','fire',0,1,NULL), (14,7,'c06f513e-0efa-4719-aeb3-180aa281a17f','2026-06-12 17:57:17','fire',0,1,NULL), (15,10,'c06f513e-0efa-4719-aeb3-180aa281a17f','2026-06-12 19:20:15','fire',0,1,NULL), (16,3,'6c5c22e5-9b82-4f53-a709-62e9fdbc60a4','2026-06-12 20:38:19','fire',1,1,NULL), (17,7,'6c5c22e5-9b82-4f53-a709-62e9fdbc60a4','2026-06-12 20:40:32','fire',0,1,NULL), (18,10,'6c5c22e5-9b82-4f53-a709-62e9fdbc60a4','2026-06-12 20:40:33','fire',1,1,NULL), (19,1,'6c5c22e5-9b82-4f53-a709-62e9fdbc60a4','2026-06-12 20:50:11','fire',2,1,NULL), (20,8,'6c5c22e5-9b82-4f53-a709-62e9fdbc60a4','2026-06-12 20:50:12','fire',1,1,NULL), (21,3,'9f930be4-a288-49ee-bd6a-80cae53d7a48','2026-06-12 22:03:03','fire',2,1,NULL), (22,3,'cb52a874-c794-47ca-b1c0-d24b3c9d8ec2','2026-06-12 22:08:32','fire',2,1,NULL), (23,3,'87d29c30-7b48-461f-a402-82f4d0f70f87','2026-06-12 22:08:55','fire',2,1,NULL), (24,7,'87d29c30-7b48-461f-a402-82f4d0f70f87','2026-06-12 22:09:05','fire',1,1,NULL), (25,10,'87d29c30-7b48-461f-a402-82f4d0f70f87','2026-06-12 22:09:07','fire',1,1,NULL), (26,3,'cee33bbd-4873-4ff8-8e13-fd089f1ef3ad','2026-06-12 22:50:44','fire',2,1,NULL), (27,10,'cee33bbd-4873-4ff8-8e13-fd089f1ef3ad','2026-06-12 22:52:08','fire',1,1,NULL), (28,7,'cee33bbd-4873-4ff8-8e13-fd089f1ef3ad','2026-06-12 22:52:09','fire',1,1,NULL), (29,3,'a1cd51ce-79c2-4b56-95a6-d1f8c6da6297','2026-06-12 22:54:53','fire',2,1,NULL), (30,3,'e526f31d-f5dd-41d6-ad5f-1f55bf4a2278','2026-06-12 22:55:00','fire',2,1,NULL), (31,3,'bc854a13-a122-40b0-8bbb-a620ac8a0f02','2026-06-12 22:55:26','fire',2,1,NULL), (32,10,'bc854a13-a122-40b0-8bbb-a620ac8a0f02','2026-06-12 22:55:29','fire',1,1,NULL), (33,7,'bc854a13-a122-40b0-8bbb-a620ac8a0f02','2026-06-12 22:55:30','fire',1,1,NULL), (34,3,'bd3bd85a-66b0-4fa3-9a36-408b702c6060','2026-06-12 22:55:36','fire',2,1,NULL), (35,7,'bd3bd85a-66b0-4fa3-9a36-408b702c6060','2026-06-12 22:55:38','fire',1,1,NULL), (36,10,'bd3bd85a-66b0-4fa3-9a36-408b702c6060','2026-06-12 22:55:39','fire',1,1,NULL), (37,3,'e8d54b7d-11ad-4d99-85e3-8ee71f11aa38','2026-06-13 10:49:51','fire',2,1,NULL), (38,10,'e8d54b7d-11ad-4d99-85e3-8ee71f11aa38','2026-06-13 10:49:54','fire',1,1,NULL), (39,7,'e8d54b7d-11ad-4d99-85e3-8ee71f11aa38','2026-06-13 10:49:54','fire',1,1,NULL), (40,3,'4f3d9261-784c-45a5-bc80-536198eb98be','2026-06-13 10:51:53','fire',2,1,NULL), (41,7,'4f3d9261-784c-45a5-bc80-536198eb98be','2026-06-13 10:51:54','fire',1,1,NULL), (42,10,'4f3d9261-784c-45a5-bc80-536198eb98be','2026-06-13 10:51:55','fire',1,1,NULL), (43,3,'8ca1e1cb-9979-41c6-b25e-19afa7172a7a','2026-06-13 10:52:09','fire',2,1,NULL), (44,10,'8ca1e1cb-9979-41c6-b25e-19afa7172a7a','2026-06-13 10:52:11','fire',1,1,NULL), (45,7,'8ca1e1cb-9979-41c6-b25e-19afa7172a7a','2026-06-13 10:52:14','fire',1,1,NULL), (46,3,'043889b6-737a-466e-96b8-8c3f8afd7683','2026-06-13 10:52:21','fire',2,1,NULL), (47,10,'043889b6-737a-466e-96b8-8c3f8afd7683','2026-06-13 10:52:24','fire',1,1,NULL), (48,7,'043889b6-737a-466e-96b8-8c3f8afd7683','2026-06-13 10:52:25','fire',1,1,NULL), (49,3,'04988f7a-2f88-4979-8671-e48b370f8363','2026-06-13 10:52:40','fire',2,1,NULL), (50,7,'04988f7a-2f88-4979-8671-e48b370f8363','2026-06-13 10:52:41','fire',1,1,NULL), (51,10,'04988f7a-2f88-4979-8671-e48b370f8363','2026-06-13 10:52:42','fire',1,1,NULL), (52,3,'6c7ce2b8-3ad6-4aac-9384-482f0176a04e','2026-06-13 10:53:08','fire',2,1,NULL), (53,7,'6c7ce2b8-3ad6-4aac-9384-482f0176a04e','2026-06-13 10:53:11','fire',1,1,NULL), (54,10,'6c7ce2b8-3ad6-4aac-9384-482f0176a04e','2026-06-13 10:53:12','fire',1,1,NULL), (55,3,'c83610bf-2d74-4e16-afa4-62a211a58a8c','2026-06-13 13:53:39','fire',2,1,NULL), (56,3,'5bd3421f-848f-4feb-aaad-1910a10a36e0','2026-06-13 13:54:43','fire',2,1,NULL), (57,3,'cebe7db0-10eb-4f97-a0ec-9f6862a0c873','2026-06-13 13:55:02','fire',2,1,NULL), (58,7,'cebe7db0-10eb-4f97-a0ec-9f6862a0c873','2026-06-13 13:55:32','fire',1,1,NULL), (59,10,'cebe7db0-10eb-4f97-a0ec-9f6862a0c873','2026-06-13 13:55:33','fire',1,1,NULL), (60,12,'cebe7db0-10eb-4f97-a0ec-9f6862a0c873','2026-06-13 13:55:34','fire',0,1,NULL), (61,13,'cebe7db0-10eb-4f97-a0ec-9f6862a0c873','2026-06-13 14:00:40','fire',0,1,NULL), (62,3,'c0f253d5-7ff5-4bfc-89d6-64ea2b4ce63f','2026-06-13 16:42:29','fire',2,1,NULL), (63,7,'c0f253d5-7ff5-4bfc-89d6-64ea2b4ce63f','2026-06-13 17:52:26','fire',1,1,NULL), (64,12,'c0f253d5-7ff5-4bfc-89d6-64ea2b4ce63f','2026-06-13 17:52:26','fire',0,1,NULL), (65,10,'c0f253d5-7ff5-4bfc-89d6-64ea2b4ce63f','2026-06-13 17:57:19','fire',1,1,NULL), (66,11,'c0f253d5-7ff5-4bfc-89d6-64ea2b4ce63f','2026-06-13 17:57:20','fire',0,1,NULL), (67,13,'c0f253d5-7ff5-4bfc-89d6-64ea2b4ce63f','2026-06-13 17:57:21','fire',0,1,NULL), (68,1,'c0f253d5-7ff5-4bfc-89d6-64ea2b4ce63f','2026-06-13 18:01:56','suppress',3,0,0.3333), (69,8,'c0f253d5-7ff5-4bfc-89d6-64ea2b4ce63f','2026-06-13 18:01:57','fire',2,1,NULL), (70,1,'c0f253d5-7ff5-4bfc-89d6-64ea2b4ce63f','2026-06-13 18:02:22','suppress',3,0,0.3333), (71,1,'c0f253d5-7ff5-4bfc-89d6-64ea2b4ce63f','2026-06-13 18:21:03','suppress',3,0,0.3333), (72,9,'c0f253d5-7ff5-4bfc-89d6-64ea2b4ce63f','2026-06-13 18:21:04','fire',1,1,NULL), (73,1,'c0f253d5-7ff5-4bfc-89d6-64ea2b4ce63f','2026-06-13 18:21:55','suppress',3,0,0.3333), (74,1,'c0f253d5-7ff5-4bfc-89d6-64ea2b4ce63f','2026-06-13 18:22:01','suppress',3,0,0.3333), (75,1,'c0f253d5-7ff5-4bfc-89d6-64ea2b4ce63f','2026-06-13 18:26:42','suppress',3,0,0.3333), (76,3,'7012d564-ef0f-4469-bc0a-018f492c061d','2026-06-13 18:54:15','fire',2,1,NULL), (77,14,'7012d564-ef0f-4469-bc0a-018f492c061d','2026-06-13 18:55:22','fire',0,1,NULL), (78,10,'7012d564-ef0f-4469-bc0a-018f492c061d','2026-06-13 18:55:23','fire',1,1,NULL), (79,7,'7012d564-ef0f-4469-bc0a-018f492c061d','2026-06-13 18:55:24','fire',2,1,NULL), (80,13,'7012d564-ef0f-4469-bc0a-018f492c061d','2026-06-13 18:55:24','fire',0,1,NULL), (81,12,'7012d564-ef0f-4469-bc0a-018f492c061d','2026-06-13 18:55:25','fire',0,1,NULL), (82,14,'c0f253d5-7ff5-4bfc-89d6-64ea2b4ce63f','2026-06-13 19:04:13','fire',0,1,NULL), (83,3,'0ae8dc76-799d-4fda-b869-db1e2f5215f2','2026-06-13 19:12:42','fire',2,1,NULL), (84,12,'0ae8dc76-799d-4fda-b869-db1e2f5215f2','2026-06-13 19:59:42','fire',0,1,NULL), (85,10,'0ae8dc76-799d-4fda-b869-db1e2f5215f2','2026-06-13 19:59:43','fire',1,1,NULL), (86,14,'0ae8dc76-799d-4fda-b869-db1e2f5215f2','2026-06-13 19:59:44','fire',1,1,NULL), (87,7,'0ae8dc76-799d-4fda-b869-db1e2f5215f2','2026-06-13 19:59:44','fire',2,1,NULL), (88,13,'0ae8dc76-799d-4fda-b869-db1e2f5215f2','2026-06-13 19:59:49','fire',0,1,NULL), (89,11,'0ae8dc76-799d-4fda-b869-db1e2f5215f2','2026-06-13 19:59:49','fire',0,1,NULL), (90,3,'fba60e4e-9c43-43f3-bfcb-113e898ab2bf','2026-06-13 20:02:17','fire',2,1,NULL), (91,1,'7012d564-ef0f-4469-bc0a-018f492c061d','2026-06-13 20:05:04','suppress',3,0,0.3333), (92,9,'7012d564-ef0f-4469-bc0a-018f492c061d','2026-06-13 20:05:05','fire',2,1,NULL), (93,1,'7012d564-ef0f-4469-bc0a-018f492c061d','2026-06-13 21:27:03','suppress',3,0,0.3333), (94,1,'7012d564-ef0f-4469-bc0a-018f492c061d','2026-06-13 21:27:09','suppress',3,0,0.3333), (95,11,'7012d564-ef0f-4469-bc0a-018f492c061d','2026-06-13 21:52:50','fire',0,1,NULL), (96,1,'7012d564-ef0f-4469-bc0a-018f492c061d','2026-06-13 22:03:24','suppress',3,0,0.3333), (97,8,'7012d564-ef0f-4469-bc0a-018f492c061d','2026-06-13 22:03:25','fire',3,0,0.6667), (98,1,'7012d564-ef0f-4469-bc0a-018f492c061d','2026-06-13 22:03:34','suppress',3,0,0.3333), (99,1,'7012d564-ef0f-4469-bc0a-018f492c061d','2026-06-13 22:04:08','suppress',3,0,0.3333), (100,1,'7012d564-ef0f-4469-bc0a-018f492c061d','2026-06-13 22:04:19','suppress',3,0,0.3333), (101,1,'7012d564-ef0f-4469-bc0a-018f492c061d','2026-06-13 22:07:50','suppress',3,0,0.3333), (102,1,'7012d564-ef0f-4469-bc0a-018f492c061d','2026-06-13 22:07:59','suppress',3,0,0.3333), (103,1,'7012d564-ef0f-4469-bc0a-018f492c061d','2026-06-13 22:08:29','suppress',3,0,0.3333), (104,1,'7012d564-ef0f-4469-bc0a-018f492c061d','2026-06-13 22:08:36','suppress',3,0,0.3333), (105,1,'7012d564-ef0f-4469-bc0a-018f492c061d','2026-06-13 22:08:47','suppress',3,0,0.3333), (106,1,'7012d564-ef0f-4469-bc0a-018f492c061d','2026-06-13 22:08:54','suppress',3,0,0.3333), (107,3,'c87e295a-603c-433b-aa94-4a847bab702c','2026-06-13 22:21:54','fire',3,0,1.0000), (108,12,'c87e295a-603c-433b-aa94-4a847bab702c','2026-06-13 22:23:05','fire',0,1,NULL), (109,14,'c87e295a-603c-433b-aa94-4a847bab702c','2026-06-13 22:23:06','fire',1,1,NULL), (110,13,'c87e295a-603c-433b-aa94-4a847bab702c','2026-06-13 22:30:39','fire',0,1,NULL), (111,7,'c87e295a-603c-433b-aa94-4a847bab702c','2026-06-13 22:30:39','fire',2,1,NULL), (112,10,'c87e295a-603c-433b-aa94-4a847bab702c','2026-06-13 22:30:40','fire',1,1,NULL), (113,1,'7012d564-ef0f-4469-bc0a-018f492c061d','2026-06-13 22:38:36','suppress',3,0,0.3333), (114,1,'c87e295a-603c-433b-aa94-4a847bab702c','2026-06-13 22:50:22','suppress',3,0,0.3333), (115,8,'c87e295a-603c-433b-aa94-4a847bab702c','2026-06-13 22:50:23','fire',3,0,0.6667), (116,1,'c87e295a-603c-433b-aa94-4a847bab702c','2026-06-13 22:50:27','suppress',3,0,0.3333), (117,9,'c87e295a-603c-433b-aa94-4a847bab702c','2026-06-13 22:50:28','fire',3,0,0.6667), (118,1,'c87e295a-603c-433b-aa94-4a847bab702c','2026-06-13 22:50:29','suppress',3,0,0.3333), (119,1,'c87e295a-603c-433b-aa94-4a847bab702c','2026-06-13 22:50:31','suppress',3,0,0.3333), (120,1,'c87e295a-603c-433b-aa94-4a847bab702c','2026-06-13 22:50:32','suppress',3,0,0.3333), (121,3,'0a09c366-59c6-4879-a351-f25b6a88a85a','2026-06-13 23:19:59','fire',4,0,1.0000), (122,10,'0a09c366-59c6-4879-a351-f25b6a88a85a','2026-06-13 23:20:18','fire',1,1,NULL), (123,12,'0a09c366-59c6-4879-a351-f25b6a88a85a','2026-06-13 23:20:19','fire',0,1,NULL), (124,7,'0a09c366-59c6-4879-a351-f25b6a88a85a','2026-06-13 23:25:29','fire',2,1,NULL), (125,13,'0a09c366-59c6-4879-a351-f25b6a88a85a','2026-06-13 23:25:30','fire',0,1,NULL), (126,15,'0a09c366-59c6-4879-a351-f25b6a88a85a','2026-06-13 23:25:31','fire',0,1,NULL), (127,14,'0a09c366-59c6-4879-a351-f25b6a88a85a','2026-06-13 23:25:31','fire',1,1,NULL), (128,11,'0a09c366-59c6-4879-a351-f25b6a88a85a','2026-06-13 23:35:58','fire',1,1,NULL), (129,3,'9fa5a6f5-7ceb-4668-afe1-b72139060041','2026-06-14 01:27:58','fire',4,0,1.0000), (130,1,'0a09c366-59c6-4879-a351-f25b6a88a85a','2026-06-14 01:27:58','suppress',3,0,0.3333), (131,9,'0a09c366-59c6-4879-a351-f25b6a88a85a','2026-06-14 01:27:59','fire',4,0,0.7500), (132,12,'9fa5a6f5-7ceb-4668-afe1-b72139060041','2026-06-14 01:28:16','fire',0,1,NULL), (133,13,'9fa5a6f5-7ceb-4668-afe1-b72139060041','2026-06-14 01:36:39','fire',1,1,NULL), (134,10,'9fa5a6f5-7ceb-4668-afe1-b72139060041','2026-06-14 01:36:39','fire',2,1,NULL), (135,7,'9fa5a6f5-7ceb-4668-afe1-b72139060041','2026-06-14 01:36:40','fire',2,1,NULL), (136,14,'9fa5a6f5-7ceb-4668-afe1-b72139060041','2026-06-14 01:36:41','fire',2,1,NULL), (137,16,'0a09c366-59c6-4879-a351-f25b6a88a85a','2026-06-14 01:40:38','fire',0,1,NULL), (138,17,'9fa5a6f5-7ceb-4668-afe1-b72139060041','2026-06-14 01:40:48','fire',0,1,NULL), (139,16,'9fa5a6f5-7ceb-4668-afe1-b72139060041','2026-06-14 01:40:49','fire',0,1,NULL), (140,3,'fbe732fc-9437-4df1-970a-62c38004fe6d','2026-06-14 13:01:15','fire',4,0,1.0000), (141,15,'fbe732fc-9437-4df1-970a-62c38004fe6d','2026-06-14 13:02:52','fire',1,1,NULL), (142,17,'fbe732fc-9437-4df1-970a-62c38004fe6d','2026-06-14 13:02:54','fire',1,1,NULL), (143,10,'fbe732fc-9437-4df1-970a-62c38004fe6d','2026-06-14 13:02:55','suppress',3,0,0.3333), (144,7,'fbe732fc-9437-4df1-970a-62c38004fe6d','2026-06-14 13:02:56','fire',2,1,NULL), (145,14,'fbe732fc-9437-4df1-970a-62c38004fe6d','2026-06-14 13:06:09','suppress',3,0,0.3333), (146,10,'fbe732fc-9437-4df1-970a-62c38004fe6d','2026-06-14 13:06:10','suppress',3,0,0.3333), (147,13,'fbe732fc-9437-4df1-970a-62c38004fe6d','2026-06-14 13:10:22','fire',2,1,NULL), (148,10,'fbe732fc-9437-4df1-970a-62c38004fe6d','2026-06-14 13:10:23','suppress',3,0,0.3333), (149,12,'fbe732fc-9437-4df1-970a-62c38004fe6d','2026-06-14 13:10:23','fire',1,1,NULL), (150,10,'fbe732fc-9437-4df1-970a-62c38004fe6d','2026-06-14 13:15:06','suppress',3,0,0.3333), (151,10,'fbe732fc-9437-4df1-970a-62c38004fe6d','2026-06-14 13:19:53','suppress',3,0,0.3333), (152,17,'7012d564-ef0f-4469-bc0a-018f492c061d','2026-06-14 13:21:37','fire',1,1,NULL), (153,10,'fbe732fc-9437-4df1-970a-62c38004fe6d','2026-06-14 13:31:27','suppress',3,0,0.3333), (154,14,'fbe732fc-9437-4df1-970a-62c38004fe6d','2026-06-14 13:31:28','suppress',3,0,0.3333), (155,5,'7012d564-ef0f-4469-bc0a-018f492c061d','2026-06-14 13:33:13','fire',2,1,NULL), (156,6,'7012d564-ef0f-4469-bc0a-018f492c061d','2026-06-14 13:33:14','fire',2,1,NULL), (157,1,'7012d564-ef0f-4469-bc0a-018f492c061d','2026-06-14 13:34:13','suppress',3,0,0.3333), (158,10,'fbe732fc-9437-4df1-970a-62c38004fe6d','2026-06-14 13:36:31','suppress',3,0,0.3333), (159,1,'fbe732fc-9437-4df1-970a-62c38004fe6d','2026-06-14 13:37:27','suppress',3,0,0.3333), (160,8,'fbe732fc-9437-4df1-970a-62c38004fe6d','2026-06-14 13:37:28','fire',4,0,0.5000), (161,1,'fbe732fc-9437-4df1-970a-62c38004fe6d','2026-06-14 13:37:30','suppress',3,0,0.3333), (162,9,'fbe732fc-9437-4df1-970a-62c38004fe6d','2026-06-14 13:37:31','fire',5,0,0.8000), (163,1,'fbe732fc-9437-4df1-970a-62c38004fe6d','2026-06-14 13:37:33','suppress',3,0,0.3333), (164,1,'fbe732fc-9437-4df1-970a-62c38004fe6d','2026-06-14 13:37:35','suppress',3,0,0.3333), (165,1,'fbe732fc-9437-4df1-970a-62c38004fe6d','2026-06-14 13:37:59','suppress',3,0,0.3333), (166,15,'7012d564-ef0f-4469-bc0a-018f492c061d','2026-06-14 13:46:07','fire',1,1,NULL), (167,3,'ee2cd166-82ad-4e1e-a965-920ee63a316d','2026-06-14 17:11:02','fire',4,0,1.0000), (168,7,'ee2cd166-82ad-4e1e-a965-920ee63a316d','2026-06-14 17:12:34','fire',2,1,NULL), (169,18,'ee2cd166-82ad-4e1e-a965-920ee63a316d','2026-06-14 17:12:34','fire',0,1,NULL), (170,15,'ee2cd166-82ad-4e1e-a965-920ee63a316d','2026-06-14 17:12:35','fire',2,1,NULL), (171,10,'ee2cd166-82ad-4e1e-a965-920ee63a316d','2026-06-14 17:12:36','suppress',3,0,0.3333), (172,1,'ee2cd166-82ad-4e1e-a965-920ee63a316d','2026-06-14 17:25:53','suppress',3,0,0.3333), (173,9,'ee2cd166-82ad-4e1e-a965-920ee63a316d','2026-06-14 17:25:54','fire',6,0,0.8333), (174,12,'ee2cd166-82ad-4e1e-a965-920ee63a316d','2026-06-14 17:33:02','fire',1,1,NULL), (175,10,'ee2cd166-82ad-4e1e-a965-920ee63a316d','2026-06-14 17:37:17','suppress',3,0,0.3333), (176,14,'ee2cd166-82ad-4e1e-a965-920ee63a316d','2026-06-14 17:37:17','suppress',3,0,0.3333), (177,13,'ee2cd166-82ad-4e1e-a965-920ee63a316d','2026-06-14 17:37:18','fire',2,1,NULL), (178,19,'ee2cd166-82ad-4e1e-a965-920ee63a316d','2026-06-14 17:37:19','fire',0,1,NULL), (179,17,'ee2cd166-82ad-4e1e-a965-920ee63a316d','2026-06-14 17:37:22','fire',1,1,NULL), (180,10,'ee2cd166-82ad-4e1e-a965-920ee63a316d','2026-06-14 17:41:06','suppress',3,0,0.3333), (181,14,'ee2cd166-82ad-4e1e-a965-920ee63a316d','2026-06-14 17:41:07','suppress',3,0,0.3333), (182,16,'ee2cd166-82ad-4e1e-a965-920ee63a316d','2026-06-14 17:41:07','fire',2,1,NULL), (183,10,'ee2cd166-82ad-4e1e-a965-920ee63a316d','2026-06-14 17:50:47','suppress',3,0,0.3333), (184,14,'ee2cd166-82ad-4e1e-a965-920ee63a316d','2026-06-14 17:50:48','suppress',3,0,0.3333), (185,11,'ee2cd166-82ad-4e1e-a965-920ee63a316d','2026-06-14 18:03:00','fire',2,1,NULL), (186,5,'ee2cd166-82ad-4e1e-a965-920ee63a316d','2026-06-14 18:05:28','fire',2,1,NULL), (187,6,'ee2cd166-82ad-4e1e-a965-920ee63a316d','2026-06-14 18:05:29','fire',2,1,NULL), (188,1,'ee2cd166-82ad-4e1e-a965-920ee63a316d','2026-06-14 18:05:52','suppress',3,0,0.3333), (189,1,'ee2cd166-82ad-4e1e-a965-920ee63a316d','2026-06-14 18:06:01','suppress',3,0,0.3333), (190,1,'ee2cd166-82ad-4e1e-a965-920ee63a316d','2026-06-14 18:06:07','suppress',3,0,0.3333), (191,1,'ee2cd166-82ad-4e1e-a965-920ee63a316d','2026-06-14 18:06:25','suppress',3,0,0.3333), (192,10,'ee2cd166-82ad-4e1e-a965-920ee63a316d','2026-06-14 18:07:47','suppress',3,0,0.3333), (193,10,'ee2cd166-82ad-4e1e-a965-920ee63a316d','2026-06-14 18:10:15','suppress',3,0,0.3333), (194,1,'ee2cd166-82ad-4e1e-a965-920ee63a316d','2026-06-14 18:15:59','suppress',3,0,0.3333), (195,3,'e2f3abf3-d743-4b5f-b1cf-5fad214ea138','2026-06-14 18:28:24','fire',4,0,1.0000), (196,14,'e2f3abf3-d743-4b5f-b1cf-5fad214ea138','2026-06-14 18:29:51','suppress',3,0,0.3333), (197,14,'e2f3abf3-d743-4b5f-b1cf-5fad214ea138','2026-06-14 18:47:07','suppress',3,0,0.3333), (198,13,'e2f3abf3-d743-4b5f-b1cf-5fad214ea138','2026-06-14 18:47:08','fire',2,1,NULL), (199,12,'e2f3abf3-d743-4b5f-b1cf-5fad214ea138','2026-06-14 18:47:09','fire',1,1,NULL), (200,10,'e2f3abf3-d743-4b5f-b1cf-5fad214ea138','2026-06-14 18:47:10','suppress',3,0,0.3333), (201,3,'6bb2ccd0-e8e0-4b06-a627-e34c0629d5d6','2026-06-14 20:23:27','fire',4,0,1.0000), (202,1,'e2f3abf3-d743-4b5f-b1cf-5fad214ea138','2026-06-14 20:24:08','suppress',3,0,0.3333), (203,9,'e2f3abf3-d743-4b5f-b1cf-5fad214ea138','2026-06-14 20:24:08','fire',7,0,0.8571), (204,1,'e2f3abf3-d743-4b5f-b1cf-5fad214ea138','2026-06-14 20:24:20','suppress',3,0,0.3333), (205,18,'6bb2ccd0-e8e0-4b06-a627-e34c0629d5d6','2026-06-14 20:24:39','fire',2,1,NULL), (206,13,'6bb2ccd0-e8e0-4b06-a627-e34c0629d5d6','2026-06-14 20:24:40','suppress',3,0,0.0000), (207,19,'6bb2ccd0-e8e0-4b06-a627-e34c0629d5d6','2026-06-14 20:24:41','fire',1,1,NULL), (208,7,'6bb2ccd0-e8e0-4b06-a627-e34c0629d5d6','2026-06-14 20:24:42','fire',2,1,NULL), (209,10,'6bb2ccd0-e8e0-4b06-a627-e34c0629d5d6','2026-06-14 20:24:43','suppress',3,0,0.3333), (210,15,'6bb2ccd0-e8e0-4b06-a627-e34c0629d5d6','2026-06-14 20:24:43','fire',3,0,0.6667), (211,1,'6bb2ccd0-e8e0-4b06-a627-e34c0629d5d6','2026-06-14 22:06:14','suppress',3,0,0.3333), (212,8,'6bb2ccd0-e8e0-4b06-a627-e34c0629d5d6','2026-06-14 22:06:15','suppress',5,0,0.4000), (213,1,'6bb2ccd0-e8e0-4b06-a627-e34c0629d5d6','2026-06-14 22:06:17','suppress',3,0,0.3333), (214,9,'6bb2ccd0-e8e0-4b06-a627-e34c0629d5d6','2026-06-14 22:06:17','fire',8,0,0.7500), (215,1,'6bb2ccd0-e8e0-4b06-a627-e34c0629d5d6','2026-06-14 22:06:51','suppress',3,0,0.3333), (216,10,'6bb2ccd0-e8e0-4b06-a627-e34c0629d5d6','2026-06-14 22:11:39','suppress',3,0,0.3333), (217,12,'6bb2ccd0-e8e0-4b06-a627-e34c0629d5d6','2026-06-14 22:11:40','fire',2,1,NULL), (218,13,'6bb2ccd0-e8e0-4b06-a627-e34c0629d5d6','2026-06-14 22:11:41','suppress',3,0,0.0000), (219,10,'e2f3abf3-d743-4b5f-b1cf-5fad214ea138','2026-06-14 22:59:42','suppress',3,0,0.3333), (220,7,'e2f3abf3-d743-4b5f-b1cf-5fad214ea138','2026-06-14 22:59:43','fire',3,0,0.6667), (221,18,'e2f3abf3-d743-4b5f-b1cf-5fad214ea138','2026-06-14 22:59:43','fire',3,0,1.0000), (222,14,'6bb2ccd0-e8e0-4b06-a627-e34c0629d5d6','2026-06-14 23:01:52','suppress',3,0,0.3333), (223,10,'6bb2ccd0-e8e0-4b06-a627-e34c0629d5d6','2026-06-14 23:01:52','suppress',3,0,0.3333), (224,3,'4018b369-76a5-4140-aded-e0ecd91d2227','2026-06-15 01:21:31','fire',4,0,1.0000), (225,7,'4018b369-76a5-4140-aded-e0ecd91d2227','2026-06-15 01:25:25','fire',3,0,0.6667), (226,12,'4018b369-76a5-4140-aded-e0ecd91d2227','2026-06-15 01:25:26','suppress',3,0,0.0000), (227,10,'4018b369-76a5-4140-aded-e0ecd91d2227','2026-06-15 01:25:26','suppress',3,0,0.3333), (228,20,'4018b369-76a5-4140-aded-e0ecd91d2227','2026-06-15 01:25:27','fire',0,1,NULL), (229,18,'4018b369-76a5-4140-aded-e0ecd91d2227','2026-06-15 01:25:28','fire',3,0,1.0000), (230,14,'4018b369-76a5-4140-aded-e0ecd91d2227','2026-06-15 01:25:29','suppress',3,0,0.3333), (231,12,'4018b369-76a5-4140-aded-e0ecd91d2227','2026-06-15 01:47:16','suppress',3,0,0.0000), (232,10,'4018b369-76a5-4140-aded-e0ecd91d2227','2026-06-15 01:47:18','suppress',3,0,0.3333), (233,1,'4018b369-76a5-4140-aded-e0ecd91d2227','2026-06-15 01:47:49','suppress',3,0,0.3333), (234,8,'4018b369-76a5-4140-aded-e0ecd91d2227','2026-06-15 01:47:49','suppress',5,0,0.4000), (235,1,'4018b369-76a5-4140-aded-e0ecd91d2227','2026-06-15 01:47:56','suppress',3,0,0.3333), (236,8,'4018b369-76a5-4140-aded-e0ecd91d2227','2026-06-15 01:47:57','suppress',5,0,0.4000), (237,1,'4018b369-76a5-4140-aded-e0ecd91d2227','2026-06-15 01:48:25','suppress',3,0,0.3333), (238,9,'4018b369-76a5-4140-aded-e0ecd91d2227','2026-06-15 01:48:25','fire',8,0,0.7500), (239,1,'4018b369-76a5-4140-aded-e0ecd91d2227','2026-06-15 01:49:25','suppress',3,0,0.3333), (240,1,'4018b369-76a5-4140-aded-e0ecd91d2227','2026-06-15 01:49:32','suppress',3,0,0.3333), (241,1,'4018b369-76a5-4140-aded-e0ecd91d2227','2026-06-15 01:49:50','suppress',3,0,0.3333), (242,17,'4018b369-76a5-4140-aded-e0ecd91d2227','2026-06-15 01:51:29','fire',2,1,NULL), (243,10,'4018b369-76a5-4140-aded-e0ecd91d2227','2026-06-15 01:51:31','suppress',3,0,0.3333), (244,19,'4018b369-76a5-4140-aded-e0ecd91d2227','2026-06-15 01:51:32','fire',2,1,NULL), (245,12,'4018b369-76a5-4140-aded-e0ecd91d2227','2026-06-15 01:51:33','suppress',3,0,0.0000), (246,14,'4018b369-76a5-4140-aded-e0ecd91d2227','2026-06-15 01:51:34','suppress',3,0,0.3333), (247,13,'4018b369-76a5-4140-aded-e0ecd91d2227','2026-06-15 01:51:34','suppress',3,0,0.0000), (248,3,'e919c0b9-389b-4406-88a8-e95e9eff4d3e','2026-06-15 01:54:03','fire',5,0,1.0000), (249,14,'4018b369-76a5-4140-aded-e0ecd91d2227','2026-06-15 01:56:21','suppress',3,0,0.3333), (250,12,'4018b369-76a5-4140-aded-e0ecd91d2227','2026-06-15 01:56:21','suppress',3,0,0.0000), (251,15,'4018b369-76a5-4140-aded-e0ecd91d2227','2026-06-15 01:56:22','fire',4,0,0.7500), (252,10,'4018b369-76a5-4140-aded-e0ecd91d2227','2026-06-15 01:56:23','suppress',3,0,0.3333), (253,13,'4018b369-76a5-4140-aded-e0ecd91d2227','2026-06-15 01:56:24','suppress',3,0,0.0000), (254,3,'ed8194ed-dc2c-4e99-84be-325553189040','2026-06-16 01:36:37','fire',5,0,1.0000), (255,18,'ed8194ed-dc2c-4e99-84be-325553189040','2026-06-16 01:38:33','fire',4,0,1.0000), (256,11,'ed8194ed-dc2c-4e99-84be-325553189040','2026-06-16 01:38:34','suppress',3,0,0.0000), (257,14,'ed8194ed-dc2c-4e99-84be-325553189040','2026-06-16 01:38:35','suppress',3,0,0.3333), (258,19,'ed8194ed-dc2c-4e99-84be-325553189040','2026-06-16 01:38:35','fire',2,1,NULL), (259,13,'ed8194ed-dc2c-4e99-84be-325553189040','2026-06-16 01:38:36','suppress',3,0,0.0000), (260,15,'ed8194ed-dc2c-4e99-84be-325553189040','2026-06-16 01:38:37','fire',4,0,0.7500), (261,17,'ed8194ed-dc2c-4e99-84be-325553189040','2026-06-16 01:38:38','fire',2,1,NULL), (262,7,'ed8194ed-dc2c-4e99-84be-325553189040','2026-06-16 01:38:39','fire',3,0,0.6667), (263,20,'ed8194ed-dc2c-4e99-84be-325553189040','2026-06-16 01:38:39','fire',1,1,NULL), (264,12,'ed8194ed-dc2c-4e99-84be-325553189040','2026-06-16 01:38:40','suppress',3,0,0.0000), (265,10,'ed8194ed-dc2c-4e99-84be-325553189040','2026-06-16 01:38:41','suppress',3,0,0.3333), (266,3,'12258a5f-14fe-4bdc-b5d8-d3a121c60f63','2026-06-16 02:01:05','fire',5,0,1.0000), (267,14,'ed8194ed-dc2c-4e99-84be-325553189040','2026-06-16 02:01:29','suppress',3,0,0.3333), (268,10,'ed8194ed-dc2c-4e99-84be-325553189040','2026-06-16 02:01:30','suppress',3,0,0.3333), (269,14,'ed8194ed-dc2c-4e99-84be-325553189040','2026-06-16 02:02:15','suppress',3,0,0.3333), (270,10,'ed8194ed-dc2c-4e99-84be-325553189040','2026-06-16 02:02:16','suppress',3,0,0.3333), (271,12,'ed8194ed-dc2c-4e99-84be-325553189040','2026-06-16 02:02:18','suppress',3,0,0.0000), (272,13,'ed8194ed-dc2c-4e99-84be-325553189040','2026-06-16 02:02:19','suppress',3,0,0.0000), (273,3,'22568512-4149-4369-bc9e-b2603a15c860','2026-06-16 02:02:43','fire',5,0,1.0000), (274,12,'ed8194ed-dc2c-4e99-84be-325553189040','2026-06-16 02:11:36','suppress',3,0,0.0000), (275,13,'ed8194ed-dc2c-4e99-84be-325553189040','2026-06-16 02:11:37','suppress',3,0,0.0000), (276,10,'ed8194ed-dc2c-4e99-84be-325553189040','2026-06-16 02:11:37','suppress',3,0,0.3333), (277,7,'22568512-4149-4369-bc9e-b2603a15c860','2026-06-16 02:13:02','fire',3,0,0.6667), (278,14,'22568512-4149-4369-bc9e-b2603a15c860','2026-06-16 02:13:04','suppress',3,0,0.3333), (279,11,'ed8194ed-dc2c-4e99-84be-325553189040','2026-06-16 02:26:26','suppress',3,0,0.0000), (280,14,'ed8194ed-dc2c-4e99-84be-325553189040','2026-06-16 02:26:30','suppress',3,0,0.3333), (281,12,'ed8194ed-dc2c-4e99-84be-325553189040','2026-06-16 02:26:31','suppress',3,0,0.0000), (282,13,'ed8194ed-dc2c-4e99-84be-325553189040','2026-06-16 02:26:32','suppress',3,0,0.0000), (283,12,'22568512-4149-4369-bc9e-b2603a15c860','2026-06-16 02:41:43','suppress',3,0,0.0000), (284,13,'22568512-4149-4369-bc9e-b2603a15c860','2026-06-16 02:41:44','suppress',3,0,0.0000), (285,10,'22568512-4149-4369-bc9e-b2603a15c860','2026-06-16 02:41:45','suppress',3,0,0.3333), (286,20,'22568512-4149-4369-bc9e-b2603a15c860','2026-06-16 02:41:45','fire',1,1,NULL), (287,11,'22568512-4149-4369-bc9e-b2603a15c860','2026-06-16 02:41:46','suppress',3,0,0.0000), (288,1,'22568512-4149-4369-bc9e-b2603a15c860','2026-06-16 02:42:55','suppress',3,0,0.3333), (289,9,'22568512-4149-4369-bc9e-b2603a15c860','2026-06-16 02:42:56','fire',8,0,0.7500), (290,10,'22568512-4149-4369-bc9e-b2603a15c860','2026-06-16 02:47:39','suppress',3,0,0.3333), (291,1,'22568512-4149-4369-bc9e-b2603a15c860','2026-06-16 02:47:51','suppress',3,0,0.3333), (292,12,'ed8194ed-dc2c-4e99-84be-325553189040','2026-06-16 09:51:38','suppress',3,0,0.0000), (293,13,'ed8194ed-dc2c-4e99-84be-325553189040','2026-06-16 09:57:21','suppress',3,0,0.0000), (294,14,'ed8194ed-dc2c-4e99-84be-325553189040','2026-06-16 09:57:22','suppress',3,0,0.3333), (295,10,'ed8194ed-dc2c-4e99-84be-325553189040','2026-06-16 09:57:23','suppress',3,0,0.3333), (296,12,'ed8194ed-dc2c-4e99-84be-325553189040','2026-06-16 09:57:24','suppress',3,0,0.0000), (297,14,'ed8194ed-dc2c-4e99-84be-325553189040','2026-06-16 10:05:04','suppress',3,0,0.3333), (298,12,'ed8194ed-dc2c-4e99-84be-325553189040','2026-06-16 10:05:04','suppress',3,0,0.0000), (299,10,'ed8194ed-dc2c-4e99-84be-325553189040','2026-06-16 10:05:05','suppress',3,0,0.3333), (300,3,'ac23664d-04b9-4328-8c30-52d907013abb','2026-06-16 10:21:12','fire',5,0,1.0000), (301,12,'ed8194ed-dc2c-4e99-84be-325553189040','2026-06-16 10:27:09','suppress',3,0,0.0000), (302,14,'ed8194ed-dc2c-4e99-84be-325553189040','2026-06-16 10:27:10','suppress',3,0,0.3333), (303,10,'ed8194ed-dc2c-4e99-84be-325553189040','2026-06-16 10:27:10','suppress',3,0,0.3333), (304,13,'ed8194ed-dc2c-4e99-84be-325553189040','2026-06-16 10:27:11','suppress',3,0,0.0000), (305,12,'ed8194ed-dc2c-4e99-84be-325553189040','2026-06-16 10:34:07','suppress',3,0,0.0000), (306,14,'ed8194ed-dc2c-4e99-84be-325553189040','2026-06-16 10:34:07','suppress',3,0,0.3333), (307,10,'ed8194ed-dc2c-4e99-84be-325553189040','2026-06-16 10:51:46','suppress',3,0,0.3333), (308,14,'ed8194ed-dc2c-4e99-84be-325553189040','2026-06-16 10:51:46','suppress',3,0,0.3333), (309,12,'ed8194ed-dc2c-4e99-84be-325553189040','2026-06-16 10:51:47','suppress',3,0,0.0000), (310,13,'ed8194ed-dc2c-4e99-84be-325553189040','2026-06-16 10:51:48','suppress',3,0,0.0000), (311,12,'ed8194ed-dc2c-4e99-84be-325553189040','2026-06-16 11:06:54','suppress',3,0,0.0000), (312,14,'ed8194ed-dc2c-4e99-84be-325553189040','2026-06-16 11:06:54','suppress',3,0,0.3333), (313,13,'ed8194ed-dc2c-4e99-84be-325553189040','2026-06-16 11:06:55','suppress',3,0,0.0000), (314,10,'ed8194ed-dc2c-4e99-84be-325553189040','2026-06-16 11:06:55','suppress',3,0,0.3333), (315,12,'ed8194ed-dc2c-4e99-84be-325553189040','2026-06-16 11:49:50','suppress',3,0,0.0000), (316,13,'ed8194ed-dc2c-4e99-84be-325553189040','2026-06-16 11:54:31','suppress',3,0,0.0000), (317,10,'ed8194ed-dc2c-4e99-84be-325553189040','2026-06-16 11:54:32','suppress',3,0,0.3333), (318,20,'ac23664d-04b9-4328-8c30-52d907013abb','2026-06-16 12:02:09','fire',1,1,NULL), (319,14,'ac23664d-04b9-4328-8c30-52d907013abb','2026-06-16 12:02:10','suppress',3,0,0.3333), (320,12,'ac23664d-04b9-4328-8c30-52d907013abb','2026-06-16 12:02:11','suppress',3,0,0.0000), (321,13,'ac23664d-04b9-4328-8c30-52d907013abb','2026-06-16 12:02:12','suppress',3,0,0.0000), (322,11,'ac23664d-04b9-4328-8c30-52d907013abb','2026-06-16 12:02:14','suppress',3,0,0.0000), (323,19,'ac23664d-04b9-4328-8c30-52d907013abb','2026-06-16 12:02:15','fire',2,1,NULL), (324,7,'ac23664d-04b9-4328-8c30-52d907013abb','2026-06-16 13:03:24','fire',3,0,0.6667), (325,10,'ac23664d-04b9-4328-8c30-52d907013abb','2026-06-16 13:03:24','suppress',3,0,0.3333), (326,18,'ac23664d-04b9-4328-8c30-52d907013abb','2026-06-16 13:03:25','fire',4,0,1.0000), (327,12,'ac23664d-04b9-4328-8c30-52d907013abb','2026-06-16 13:03:26','suppress',3,0,0.0000), (328,3,'3c00a5c8-0e93-4526-ba0a-b9272ba2ff87','2026-06-17 03:05:24','fire',5,0,1.0000), (329,3,'3c7864d6-7af8-4891-a1b3-d46f48ee6174','2026-06-17 03:17:10','fire',5,0,1.0000), (330,19,'3c7864d6-7af8-4891-a1b3-d46f48ee6174','2026-06-17 03:18:28','fire',2,1,NULL), (331,1,'3c7864d6-7af8-4891-a1b3-d46f48ee6174','2026-06-17 03:35:51','suppress',3,0,0.3333), (332,8,'3c7864d6-7af8-4891-a1b3-d46f48ee6174','2026-06-17 03:35:52','suppress',5,0,0.4000), (333,1,'3c7864d6-7af8-4891-a1b3-d46f48ee6174','2026-06-17 03:36:09','suppress',3,0,0.3333), (334,8,'3c7864d6-7af8-4891-a1b3-d46f48ee6174','2026-06-17 03:36:10','suppress',5,0,0.4000), (335,1,'3c7864d6-7af8-4891-a1b3-d46f48ee6174','2026-06-17 03:36:18','suppress',3,0,0.3333), (336,8,'3c7864d6-7af8-4891-a1b3-d46f48ee6174','2026-06-17 03:36:19','suppress',5,0,0.4000), (337,1,'3c7864d6-7af8-4891-a1b3-d46f48ee6174','2026-06-17 03:36:31','suppress',3,0,0.3333), (338,8,'3c7864d6-7af8-4891-a1b3-d46f48ee6174','2026-06-17 03:36:32','suppress',5,0,0.4000), (339,1,'3c7864d6-7af8-4891-a1b3-d46f48ee6174','2026-06-17 03:37:12','suppress',3,0,0.3333), (340,8,'3c7864d6-7af8-4891-a1b3-d46f48ee6174','2026-06-17 03:37:13','suppress',5,0,0.4000), (341,5,'3c7864d6-7af8-4891-a1b3-d46f48ee6174','2026-06-17 10:42:46','fire',2,1,NULL), (342,6,'3c7864d6-7af8-4891-a1b3-d46f48ee6174','2026-06-17 10:42:47','fire',3,0,0.6667), (343,7,'3c7864d6-7af8-4891-a1b3-d46f48ee6174','2026-06-17 11:24:21','fire',3,0,0.6667), (344,2,'3c7864d6-7af8-4891-a1b3-d46f48ee6174','2026-06-17 11:36:18','fire',1,1,NULL), (345,3,'fc012ea6-da25-49e5-942b-086220f1bc93','2026-06-17 13:34:32','fire',5,0,1.0000), (346,1,'3c7864d6-7af8-4891-a1b3-d46f48ee6174','2026-06-17 15:26:27','suppress',3,0,0.3333), (347,9,'3c7864d6-7af8-4891-a1b3-d46f48ee6174','2026-06-17 15:26:27','fire',8,0,0.7500), (348,13,'3c7864d6-7af8-4891-a1b3-d46f48ee6174','2026-06-17 15:27:06','suppress',3,0,0.0000), (349,20,'3c7864d6-7af8-4891-a1b3-d46f48ee6174','2026-06-17 15:27:06','fire',1,1,NULL), (350,12,'3c7864d6-7af8-4891-a1b3-d46f48ee6174','2026-06-17 15:34:16','suppress',3,0,0.0000), (351,18,'3c7864d6-7af8-4891-a1b3-d46f48ee6174','2026-06-17 15:34:17','fire',4,0,1.0000), (352,1,'3c7864d6-7af8-4891-a1b3-d46f48ee6174','2026-06-17 15:39:22','suppress',3,0,0.3333), (353,14,'3c7864d6-7af8-4891-a1b3-d46f48ee6174','2026-06-17 16:00:53','suppress',3,0,0.3333), (354,12,'3c7864d6-7af8-4891-a1b3-d46f48ee6174','2026-06-17 17:14:06','suppress',3,0,0.0000), (355,10,'3c7864d6-7af8-4891-a1b3-d46f48ee6174','2026-06-17 17:41:54','suppress',3,0,0.3333), (356,1,'3c7864d6-7af8-4891-a1b3-d46f48ee6174','2026-06-17 22:43:51','suppress',3,0,0.3333), (357,1,'3c7864d6-7af8-4891-a1b3-d46f48ee6174','2026-06-17 23:23:26','suppress',3,0,0.3333), (358,1,'3c7864d6-7af8-4891-a1b3-d46f48ee6174','2026-06-17 23:23:33','suppress',3,0,0.3333), (359,1,'3c7864d6-7af8-4891-a1b3-d46f48ee6174','2026-06-17 23:23:43','suppress',3,0,0.3333), (360,1,'3c7864d6-7af8-4891-a1b3-d46f48ee6174','2026-06-17 23:23:55','suppress',3,0,0.3333), (361,1,'3c7864d6-7af8-4891-a1b3-d46f48ee6174','2026-06-17 23:24:05','suppress',3,0,0.3333), (362,1,'3c7864d6-7af8-4891-a1b3-d46f48ee6174','2026-06-17 23:24:14','suppress',3,0,0.3333), (363,1,'3c7864d6-7af8-4891-a1b3-d46f48ee6174','2026-06-17 23:24:22','suppress',3,0,0.3333), (364,1,'3c7864d6-7af8-4891-a1b3-d46f48ee6174','2026-06-17 23:24:35','suppress',3,0,0.3333), (365,1,'3c7864d6-7af8-4891-a1b3-d46f48ee6174','2026-06-17 23:25:36','suppress',3,0,0.3333), (366,13,'3c7864d6-7af8-4891-a1b3-d46f48ee6174','2026-06-18 03:02:47','suppress',3,0,0.0000), (367,3,'6d82d5ae-b836-40db-8047-596f8a30156b','2026-06-18 03:21:30','fire',5,0,1.0000), (368,7,'6d82d5ae-b836-40db-8047-596f8a30156b','2026-06-18 04:01:55','fire',3,0,0.6667), (369,10,'6d82d5ae-b836-40db-8047-596f8a30156b','2026-06-18 04:01:56','suppress',3,0,0.3333), (370,10,'6d82d5ae-b836-40db-8047-596f8a30156b','2026-06-18 04:04:46','suppress',3,0,0.3333), (371,3,'b5f6b8f0-e94b-45c5-92b5-f7a56c7607fc','2026-06-18 10:22:40','fire',5,0,1.0000), (372,3,'6b9182e6-75bd-4fca-b800-285bb33d00d6','2026-06-18 11:33:17','fire',5,0,1.0000), (373,3,'b5d35316-20a4-4481-bf6c-f1e0a5ee87b7','2026-06-18 11:43:59','fire',5,0,1.0000), (374,2,'6d82d5ae-b836-40db-8047-596f8a30156b','2026-06-18 13:41:33','fire',1,1,NULL), (375,2,'6b9182e6-75bd-4fca-b800-285bb33d00d6','2026-06-18 13:42:56','fire',1,1,NULL), (376,5,'6b9182e6-75bd-4fca-b800-285bb33d00d6','2026-06-18 13:43:28','fire',2,1,NULL), (377,6,'6b9182e6-75bd-4fca-b800-285bb33d00d6','2026-06-18 13:43:30','fire',3,0,0.6667), (378,14,'6d82d5ae-b836-40db-8047-596f8a30156b','2026-06-18 13:50:27','suppress',3,0,0.3333), (379,12,'6d82d5ae-b836-40db-8047-596f8a30156b','2026-06-18 13:55:49','suppress',3,0,0.0000), (380,5,'6d82d5ae-b836-40db-8047-596f8a30156b','2026-06-18 14:04:49','fire',2,1,NULL), (381,6,'6d82d5ae-b836-40db-8047-596f8a30156b','2026-06-18 14:04:54','fire',3,0,0.6667), (382,14,'6b9182e6-75bd-4fca-b800-285bb33d00d6','2026-06-18 14:13:18','suppress',3,0,0.3333), (383,14,'6d82d5ae-b836-40db-8047-596f8a30156b','2026-06-18 14:23:19','suppress',3,0,0.3333), (384,27,'6b9182e6-75bd-4fca-b800-285bb33d00d6','2026-06-18 14:47:14','fire',0,1,NULL), (385,3,'60ace78a-2770-4c8d-90f1-cdc9daae9cf1','2026-06-18 14:50:07','fire',6,0,1.0000);
DROP TABLE IF EXISTS `firings`;
CREATE TABLE `firings` (
  `id` int NOT NULL AUTO_INCREMENT,
  `takeaway_id` int NOT NULL,
  `fired_at` datetime NOT NULL,
  `session_id` varchar(64),
  `trigger_kind` varchar(32),
  `trigger_context` varchar(512),
  `outcome` enum('helpful','noise'),
  `git_sha` varchar(40),
  `git_dirty` tinyint(1),
  `model` varchar(64),
  `monition_version` varchar(32),
  `situation` text,
  PRIMARY KEY (`id`)
) ENGINE=InnoDB AUTO_INCREMENT=221 DEFAULT CHARSET=utf8mb4 COLLATE=utf8mb4_0900_bin;
INSERT INTO `firings` (`id`,`takeaway_id`,`fired_at`,`session_id`,`trigger_kind`,`trigger_context`,`outcome`,`git_sha`,`git_dirty`,`model`,`monition_version`,`situation`) VALUES (4,3,'2026-06-11 15:49:51','9778c73f-715c-47f0-bdf4-96bf47b2db7c','session_start',NULL,'helpful',NULL,NULL,NULL,NULL,NULL), (5,3,'2026-06-11 16:18:14','51d03438-5cc7-4eaf-9734-cb3f8c562acb','session_start',NULL,NULL,NULL,NULL,NULL,NULL,NULL), (6,1,'2026-06-11 16:21:10','9778c73f-715c-47f0-bdf4-96bf47b2db7c','edit_path','method/instantiate.md','noise',NULL,NULL,NULL,NULL,NULL), (7,2,'2026-06-11 16:40:42','9778c73f-715c-47f0-bdf4-96bf47b2db7c','edit_path','tools/takeaway.py','noise',NULL,NULL,NULL,NULL,NULL), (10,4,'2026-06-11 17:28:04','9778c73f-715c-47f0-bdf4-96bf47b2db7c','edit_path','tools/takeaway.py','helpful',NULL,NULL,NULL,NULL,NULL), (11,6,'2026-06-11 17:28:05','9778c73f-715c-47f0-bdf4-96bf47b2db7c','edit_path','tools/takeaway.py','helpful',NULL,NULL,NULL,NULL,NULL), (14,3,'2026-06-11 18:07:04','93cf3d43-d1f6-4e51-be53-b7e3d692a129','session_start',NULL,NULL,NULL,NULL,NULL,NULL,NULL), (15,3,'2026-06-11 20:18:02','bdce2d86-ec15-45a2-af25-05b6695b30b8','session_start',NULL,NULL,NULL,NULL,NULL,NULL,NULL), (17,1,'2026-06-12 00:18:56','bdce2d86-ec15-45a2-af25-05b6695b30b8','edit_path','payload/tools/lessons_fire.py','helpful',NULL,NULL,NULL,NULL,NULL), (18,5,'2026-06-12 03:45:24','bdce2d86-ec15-45a2-af25-05b6695b30b8','edit_path','.claude/skills/mine-session/SKILL.md','helpful',NULL,NULL,NULL,NULL,NULL), (19,6,'2026-06-12 03:45:25','bdce2d86-ec15-45a2-af25-05b6695b30b8','edit_path','.claude/skills/mine-session/SKILL.md','helpful',NULL,NULL,NULL,NULL,NULL), (20,3,'2026-06-12 10:01:19','8899b96a-8f8f-46d5-89fa-77126d92098b','session_start',NULL,NULL,NULL,NULL,NULL,NULL,NULL), (21,8,'2026-06-12 10:31:35','bdce2d86-ec15-45a2-af25-05b6695b30b8','edit_path','payload/tools/lessons_fire.py','noise',NULL,NULL,NULL,NULL,NULL), (22,9,'2026-06-12 10:31:59','bdce2d86-ec15-45a2-af25-05b6695b30b8','edit_path','method/instantiate.md','noise',NULL,NULL,NULL,NULL,NULL), (23,3,'2026-06-12 12:00:37','93eb480c-66eb-417b-bf24-752d8461439e','session_start',NULL,NULL,NULL,NULL,NULL,NULL,NULL), (24,3,'2026-06-12 16:17:51','f6708933-aea0-4a1b-b46d-8f11e1f3b948','session_start',NULL,NULL,NULL,NULL,NULL,NULL,NULL), (25,3,'2026-06-12 16:18:06','c06f513e-0efa-4719-aeb3-180aa281a17f','session_start',NULL,NULL,NULL,NULL,NULL,NULL,NULL), (26,5,'2026-06-12 16:20:41','c06f513e-0efa-4719-aeb3-180aa281a17f','edit_path','.claude/settings.json','helpful',NULL,NULL,NULL,NULL,NULL), (27,6,'2026-06-12 16:20:42','c06f513e-0efa-4719-aeb3-180aa281a17f','edit_path','.claude/settings.json',NULL,NULL,NULL,NULL,NULL,NULL), (28,1,'2026-06-12 16:20:57','c06f513e-0efa-4719-aeb3-180aa281a17f','edit_path','method/instantiate.md',NULL,NULL,NULL,NULL,NULL,NULL), (29,9,'2026-06-12 16:20:58','c06f513e-0efa-4719-aeb3-180aa281a17f','edit_path','method/instantiate.md',NULL,NULL,NULL,NULL,NULL,NULL), (32,7,'2026-06-12 17:57:17','c06f513e-0efa-4719-aeb3-180aa281a17f','on_demand','1. what do you mean by sematic search? I suspect it will ship but when it will be triggered and pushed into context will depend on the evals\n2. Its interesting because wrap-session I think can be evok',NULL,NULL,NULL,NULL,NULL,NULL), (33,10,'2026-06-12 19:20:15','c06f513e-0efa-4719-aeb3-180aa281a17f','on_demand','yes run handoff but note we may shelf that in a bit. Monition agent surfaced some architectural concerns. after writing handoff /confer monition --listen','noise',NULL,NULL,NULL,NULL,NULL), (34,3,'2026-06-12 20:38:19','6c5c22e5-9b82-4f53-a709-62e9fdbc60a4','session_start',NULL,'helpful',NULL,NULL,NULL,NULL,NULL), (35,7,'2026-06-12 20:40:32','6c5c22e5-9b82-4f53-a709-62e9fdbc60a4','on_demand','Do you have a handoff you can read? This is my understanding of the work that needs to be done, do p1:\n\n  The whole plan, in 6 lines\n\n  Near-term (do first):\n  - CMS → P0 trace extractor + drift canar','helpful',NULL,NULL,NULL,NULL,NULL), (36,10,'2026-06-12 20:40:33','6c5c22e5-9b82-4f53-a709-62e9fdbc60a4','on_demand','Do you have a handoff you can read? This is my understanding of the work that needs to be done, do p1:\n\n  The whole plan, in 6 lines\n\n  Near-term (do first):\n  - CMS → P0 trace extractor + drift canar',NULL,NULL,NULL,NULL,NULL,NULL), (37,1,'2026-06-12 20:50:11','6c5c22e5-9b82-4f53-a709-62e9fdbc60a4','edit_path','payload/tools/extract_session.py','noise',NULL,NULL,NULL,NULL,NULL), (38,8,'2026-06-12 20:50:12','6c5c22e5-9b82-4f53-a709-62e9fdbc60a4','edit_path','payload/tools/extract_session.py','helpful',NULL,NULL,NULL,NULL,NULL), (39,3,'2026-06-12 22:03:04','9f930be4-a288-49ee-bd6a-80cae53d7a48','session_start',NULL,NULL,NULL,NULL,NULL,NULL,NULL), (40,3,'2026-06-12 22:08:32','cb52a874-c794-47ca-b1c0-d24b3c9d8ec2','session_start',NULL,NULL,NULL,NULL,NULL,NULL,NULL), (41,3,'2026-06-12 22:08:56','87d29c30-7b48-461f-a402-82f4d0f70f87','session_start',NULL,NULL,NULL,NULL,NULL,NULL,NULL), (42,7,'2026-06-12 22:09:05','87d29c30-7b48-461f-a402-82f4d0f70f87','on_demand','You are summarising a past coding session for a searchable archive. The session transcript (user and assistant turns; a long middle may be elided) arrives on stdin. Write a summary that lets someone w',NULL,NULL,NULL,NULL,NULL,NULL), (43,10,'2026-06-12 22:09:07','87d29c30-7b48-461f-a402-82f4d0f70f87','on_demand','You are summarising a past coding session for a searchable archive. The session transcript (user and assistant turns; a long middle may be elided) arrives on stdin. Write a summary that lets someone w',NULL,NULL,NULL,NULL,NULL,NULL), (44,3,'2026-06-12 22:50:44','cee33bbd-4873-4ff8-8e13-fd089f1ef3ad','session_start',NULL,NULL,NULL,NULL,NULL,NULL,NULL), (45,10,'2026-06-12 22:52:08','cee33bbd-4873-4ff8-8e13-fd089f1ef3ad','on_demand','I recently had a crash and I\'d lke to continue taht sessions. Last thing Isaw yuo doing was: echo \"===floor edit: simulate a SessionEnd payload\" can you find the session from that?',NULL,NULL,NULL,NULL,NULL,NULL), (46,7,'2026-06-12 22:52:09','cee33bbd-4873-4ff8-8e13-fd089f1ef3ad','on_demand','I recently had a crash and I\'d lke to continue taht sessions. Last thing Isaw yuo doing was: echo \"===floor edit: simulate a SessionEnd payload\" can you find the session from that?',NULL,NULL,NULL,NULL,NULL,NULL), (47,3,'2026-06-12 22:54:53','a1cd51ce-79c2-4b56-95a6-d1f8c6da6297','session_start',NULL,NULL,NULL,NULL,NULL,NULL,NULL), (48,3,'2026-06-12 22:55:00','e526f31d-f5dd-41d6-ad5f-1f55bf4a2278','session_start',NULL,NULL,NULL,NULL,NULL,NULL,NULL), (49,3,'2026-06-12 22:55:26','bc854a13-a122-40b0-8bbb-a620ac8a0f02','session_start',NULL,NULL,NULL,NULL,NULL,NULL,NULL), (50,10,'2026-06-12 22:55:29','bc854a13-a122-40b0-8bbb-a620ac8a0f02','on_demand','You are summarising a past coding session for a searchable archive. The session transcript (user and assistant turns; a long middle may be elided) arrives on stdin. Write a summary that lets someone w',NULL,NULL,NULL,NULL,NULL,NULL), (51,7,'2026-06-12 22:55:30','bc854a13-a122-40b0-8bbb-a620ac8a0f02','on_demand','You are summarising a past coding session for a searchable archive. The session transcript (user and assistant turns; a long middle may be elided) arrives on stdin. Write a summary that lets someone w',NULL,NULL,NULL,NULL,NULL,NULL), (52,3,'2026-06-12 22:55:36','bd3bd85a-66b0-4fa3-9a36-408b702c6060','session_start',NULL,NULL,NULL,NULL,NULL,NULL,NULL), (53,7,'2026-06-12 22:55:38','bd3bd85a-66b0-4fa3-9a36-408b702c6060','on_demand','You are summarising a past coding session for a searchable archive. The session transcript (user and assistant turns; a long middle may be elided) arrives on stdin. Write a summary that lets someone w',NULL,NULL,NULL,NULL,NULL,NULL), (54,10,'2026-06-12 22:55:39','bd3bd85a-66b0-4fa3-9a36-408b702c6060','on_demand','You are summarising a past coding session for a searchable archive. The session transcript (user and assistant turns; a long middle may be elided) arrives on stdin. Write a summary that lets someone w',NULL,NULL,NULL,NULL,NULL,NULL), (55,3,'2026-06-13 10:49:51','e8d54b7d-11ad-4d99-85e3-8ee71f11aa38','session_start',NULL,NULL,NULL,NULL,NULL,NULL,NULL), (56,10,'2026-06-13 10:49:54','e8d54b7d-11ad-4d99-85e3-8ee71f11aa38','on_demand','You are summarising a past coding session for a searchable archive. The session transcript (user and assistant turns; a long middle may be elided) arrives on stdin. Write a summary that lets someone w',NULL,NULL,NULL,NULL,NULL,NULL), (57,7,'2026-06-13 10:49:54','e8d54b7d-11ad-4d99-85e3-8ee71f11aa38','on_demand','You are summarising a past coding session for a searchable archive. The session transcript (user and assistant turns; a long middle may be elided) arrives on stdin. Write a summary that lets someone w',NULL,NULL,NULL,NULL,NULL,NULL), (58,3,'2026-06-13 10:51:53','4f3d9261-784c-45a5-bc80-536198eb98be','session_start',NULL,NULL,NULL,NULL,NULL,NULL,NULL), (59,7,'2026-06-13 10:51:55','4f3d9261-784c-45a5-bc80-536198eb98be','on_demand','Summarise the session transcript in this message.\n# Session trace — 05d9363a-2704-4302-ba3b-2032806e8bb1\n# 12 turns\n\n[user]\n<command-name>/clear</command-name>\n            <command-message>clear</comm',NULL,NULL,NULL,NULL,NULL,NULL), (60,10,'2026-06-13 10:51:55','4f3d9261-784c-45a5-bc80-536198eb98be','on_demand','Summarise the session transcript in this message.\n# Session trace — 05d9363a-2704-4302-ba3b-2032806e8bb1\n# 12 turns\n\n[user]\n<command-name>/clear</command-name>\n            <command-message>clear</comm',NULL,NULL,NULL,NULL,NULL,NULL), (61,3,'2026-06-13 10:52:09','8ca1e1cb-9979-41c6-b25e-19afa7172a7a','session_start',NULL,NULL,NULL,NULL,NULL,NULL,NULL), (62,10,'2026-06-13 10:52:12','8ca1e1cb-9979-41c6-b25e-19afa7172a7a','on_demand','Summarise the session transcript in this message.\n# Session trace — cf7cd80b-e29e-4676-ab19-0ef7046271f3\n# 2 turns\n\n[user]\n<command-name>/clear</command-name>\n            <command-message>clear</comma',NULL,NULL,NULL,NULL,NULL,NULL), (63,7,'2026-06-13 10:52:14','8ca1e1cb-9979-41c6-b25e-19afa7172a7a','on_demand','Summarise the session transcript in this message.\n# Session trace — cf7cd80b-e29e-4676-ab19-0ef7046271f3\n# 2 turns\n\n[user]\n<command-name>/clear</command-name>\n            <command-message>clear</comma',NULL,NULL,NULL,NULL,NULL,NULL), (64,3,'2026-06-13 10:52:21','043889b6-737a-466e-96b8-8c3f8afd7683','session_start',NULL,NULL,NULL,NULL,NULL,NULL,NULL), (65,10,'2026-06-13 10:52:24','043889b6-737a-466e-96b8-8c3f8afd7683','on_demand','Summarise the session transcript in this message.\n# Session trace — e8d54b7d-11ad-4d99-85e3-8ee71f11aa38\n# 2 turns\n\n[user]\nYou are summarising a past coding session for a searchable archive. The sessi',NULL,NULL,NULL,NULL,NULL,NULL), (66,7,'2026-06-13 10:52:25','043889b6-737a-466e-96b8-8c3f8afd7683','on_demand','Summarise the session transcript in this message.\n# Session trace — e8d54b7d-11ad-4d99-85e3-8ee71f11aa38\n# 2 turns\n\n[user]\nYou are summarising a past coding session for a searchable archive. The sessi',NULL,NULL,NULL,NULL,NULL,NULL), (67,3,'2026-06-13 10:52:40','04988f7a-2f88-4979-8671-e48b370f8363','session_start',NULL,NULL,NULL,NULL,NULL,NULL,NULL), (68,7,'2026-06-13 10:52:41','04988f7a-2f88-4979-8671-e48b370f8363','on_demand','Summarise the session transcript in this message.\n# Session trace — 5cd276c6-de46-49ce-83a8-653874aa3971\n# 82 turns\n\n[user]\nHow far are we on evals\n\n[assistant]\nShort version: the eval *machinery* is ',NULL,NULL,NULL,NULL,NULL,NULL), (69,10,'2026-06-13 10:52:42','04988f7a-2f88-4979-8671-e48b370f8363','on_demand','Summarise the session transcript in this message.\n# Session trace — 5cd276c6-de46-49ce-83a8-653874aa3971\n# 82 turns\n\n[user]\nHow far are we on evals\n\n[assistant]\nShort version: the eval *machinery* is ',NULL,NULL,NULL,NULL,NULL,NULL), (70,3,'2026-06-13 10:53:08','6c7ce2b8-3ad6-4aac-9384-482f0176a04e','session_start',NULL,NULL,NULL,NULL,NULL,NULL,NULL), (71,7,'2026-06-13 10:53:11','6c7ce2b8-3ad6-4aac-9384-482f0176a04e','on_demand','Summarise the session transcript in this message.\n# Session trace — 3e9a92f6-041f-43c7-90d7-48652e0f50f5\n# 12 turns\n\n[user]\n<command-name>/clear</command-name>\n            <command-message>clear</comm',NULL,NULL,NULL,NULL,NULL,NULL), (72,10,'2026-06-13 10:53:12','6c7ce2b8-3ad6-4aac-9384-482f0176a04e','on_demand','Summarise the session transcript in this message.\n# Session trace — 3e9a92f6-041f-43c7-90d7-48652e0f50f5\n# 12 turns\n\n[user]\n<command-name>/clear</command-name>\n            <command-message>clear</comm',NULL,NULL,NULL,NULL,NULL,NULL), (73,3,'2026-06-13 13:53:39','c83610bf-2d74-4e16-afa4-62a211a58a8c','session_start',NULL,NULL,'74ab40e05105981c9377d978f8bdfb76cad0dfca',1,NULL,'0.1.0',NULL), (74,3,'2026-06-13 13:54:43','5bd3421f-848f-4feb-aaad-1910a10a36e0','session_start',NULL,NULL,'74ab40e05105981c9377d978f8bdfb76cad0dfca',1,'claude-opus-4-8','0.1.0',NULL), (75,3,'2026-06-13 13:55:02','cebe7db0-10eb-4f97-a0ec-9f6862a0c873','session_start',NULL,NULL,'74ab40e05105981c9377d978f8bdfb76cad0dfca',1,'claude-opus-4-8','0.1.0',NULL), (76,7,'2026-06-13 13:55:33','cebe7db0-10eb-4f97-a0ec-9f6862a0c873','on_demand','in the superset gui the branch \"master\" has the rotating thingy taht suggests its currenlty doing something - what is it doing?',NULL,'74ab40e05105981c9377d978f8bdfb76cad0dfca',1,NULL,'0.1.0',NULL), (77,10,'2026-06-13 13:55:33','cebe7db0-10eb-4f97-a0ec-9f6862a0c873','on_demand','in the superset gui the branch \"master\" has the rotating thingy taht suggests its currenlty doing something - what is it doing?',NULL,'74ab40e05105981c9377d978f8bdfb76cad0dfca',1,NULL,'0.1.0',NULL), (78,12,'2026-06-13 13:55:34','cebe7db0-10eb-4f97-a0ec-9f6862a0c873','on_demand','in the superset gui the branch \"master\" has the rotating thingy taht suggests its currenlty doing something - what is it doing?',NULL,'74ab40e05105981c9377d978f8bdfb76cad0dfca',1,NULL,'0.1.0',NULL), (79,13,'2026-06-13 14:00:40','cebe7db0-10eb-4f97-a0ec-9f6862a0c873','on_demand','yeah I have another session working on that, it has surfaced the same concern. Unfortunatley the CMS project\'s Master branch spinny thing continues to spin',NULL,'74ab40e05105981c9377d978f8bdfb76cad0dfca',1,'claude-opus-4-8','0.1.0',NULL), (80,3,'2026-06-13 16:42:29','c0f253d5-7ff5-4bfc-89d6-64ea2b4ce63f','session_start',NULL,NULL,'74ab40e05105981c9377d978f8bdfb76cad0dfca',1,NULL,'0.1.0',NULL), (81,7,'2026-06-13 17:52:26','c0f253d5-7ff5-4bfc-89d6-64ea2b4ce63f','on_demand','did you check handoffs as well?','helpful','74ab40e05105981c9377d978f8bdfb76cad0dfca',1,'claude-opus-4-8','0.1.0',NULL), (82,12,'2026-06-13 17:52:26','c0f253d5-7ff5-4bfc-89d6-64ea2b4ce63f','on_demand','did you check handoffs as well?',NULL,'74ab40e05105981c9377d978f8bdfb76cad0dfca',1,'claude-opus-4-8','0.1.0',NULL), (83,10,'2026-06-13 17:57:19','c0f253d5-7ff5-4bfc-89d6-64ea2b4ce63f','on_demand','sorry, first did yuo check the cross project roadmap handoff? What stage are we on that? (P2? export-firings read-verb contract?)',NULL,'74ab40e05105981c9377d978f8bdfb76cad0dfca',1,'claude-opus-4-8','0.1.0',NULL), (84,11,'2026-06-13 17:57:20','c0f253d5-7ff5-4bfc-89d6-64ea2b4ce63f','on_demand','sorry, first did yuo check the cross project roadmap handoff? What stage are we on that? (P2? export-firings read-verb contract?)',NULL,'74ab40e05105981c9377d978f8bdfb76cad0dfca',1,'claude-opus-4-8','0.1.0',NULL), (85,13,'2026-06-13 17:57:21','c0f253d5-7ff5-4bfc-89d6-64ea2b4ce63f','on_demand','sorry, first did yuo check the cross project roadmap handoff? What stage are we on that? (P2? export-firings read-verb contract?)',NULL,'74ab40e05105981c9377d978f8bdfb76cad0dfca',1,'claude-opus-4-8','0.1.0',NULL), (86,8,'2026-06-13 18:01:57','c0f253d5-7ff5-4bfc-89d6-64ea2b4ce63f','edit_path','payload/skills/wrap-session/SKILL.md','helpful','74ab40e05105981c9377d978f8bdfb76cad0dfca',1,'claude-opus-4-8','0.1.0',NULL), (87,9,'2026-06-13 18:21:04','c0f253d5-7ff5-4bfc-89d6-64ea2b4ce63f','edit_path','method/dispatch.md','helpful','74ab40e05105981c9377d978f8bdfb76cad0dfca',1,'claude-opus-4-8','0.1.0',NULL), (88,3,'2026-06-13 18:54:15','7012d564-ef0f-4469-bc0a-018f492c061d','session_start',NULL,'helpful','2eba47ea1bfda921517685383d7c878f70b37f99',0,'claude-opus-4-8','0.1.0',NULL), (89,14,'2026-06-13 18:55:22','7012d564-ef0f-4469-bc0a-018f492c061d','on_demand','I\'d like a list of the context management systems so far and how they relate to the ones that we already had vvsim and brain2. You can consult brain2\'s sprint section in active/workboard',NULL,'d7b4a7853650f02ed135974ce5c40c9fc6ddde5e',0,NULL,'0.1.0',NULL), (90,10,'2026-06-13 18:55:23','7012d564-ef0f-4469-bc0a-018f492c061d','on_demand','I\'d like a list of the context management systems so far and how they relate to the ones that we already had vvsim and brain2. You can consult brain2\'s sprint section in active/workboard',NULL,'d7b4a7853650f02ed135974ce5c40c9fc6ddde5e',0,NULL,'0.1.0',NULL), (91,7,'2026-06-13 18:55:24','7012d564-ef0f-4469-bc0a-018f492c061d','on_demand','I\'d like a list of the context management systems so far and how they relate to the ones that we already had vvsim and brain2. You can consult brain2\'s sprint section in active/workboard',NULL,'d7b4a7853650f02ed135974ce5c40c9fc6ddde5e',0,NULL,'0.1.0',NULL), (92,13,'2026-06-13 18:55:25','7012d564-ef0f-4469-bc0a-018f492c061d','on_demand','I\'d like a list of the context management systems so far and how they relate to the ones that we already had vvsim and brain2. You can consult brain2\'s sprint section in active/workboard',NULL,'d7b4a7853650f02ed135974ce5c40c9fc6ddde5e',0,NULL,'0.1.0',NULL), (93,12,'2026-06-13 18:55:25','7012d564-ef0f-4469-bc0a-018f492c061d','on_demand','I\'d like a list of the context management systems so far and how they relate to the ones that we already had vvsim and brain2. You can consult brain2\'s sprint section in active/workboard',NULL,'d7b4a7853650f02ed135974ce5c40c9fc6ddde5e',0,NULL,'0.1.0',NULL), (94,14,'2026-06-13 19:04:14','c0f253d5-7ff5-4bfc-89d6-64ea2b4ce63f','on_demand','1a is fine by me, 2sure, 3 can you run that yourself? Also what does claude mcp do? Give me the exact ! comamnds fro both 3 and 4','helpful','d7b4a7853650f02ed135974ce5c40c9fc6ddde5e',0,'claude-opus-4-8','0.1.0',NULL), (95,3,'2026-06-13 19:12:42','0ae8dc76-799d-4fda-b869-db1e2f5215f2','session_start',NULL,NULL,'d7b4a7853650f02ed135974ce5c40c9fc6ddde5e',0,'claude-opus-4-8','0.1.0',NULL), (96,12,'2026-06-13 19:59:43','0ae8dc76-799d-4fda-b869-db1e2f5215f2','on_demand','I\'m sort of unclear what else is left to do in for CMS. \n\n  The whole plan, in 6 lines (the thing you were losing)\n\n  Near-term (do first):\n  - CMS → P0 trace extractor + drift canary (the foundation ',NULL,'d7b4a7853650f02ed135974ce5c40c9fc6ddde5e',0,NULL,'0.1.0',NULL), (97,10,'2026-06-13 19:59:43','0ae8dc76-799d-4fda-b869-db1e2f5215f2','on_demand','I\'m sort of unclear what else is left to do in for CMS. \n\n  The whole plan, in 6 lines (the thing you were losing)\n\n  Near-term (do first):\n  - CMS → P0 trace extractor + drift canary (the foundation ',NULL,'d7b4a7853650f02ed135974ce5c40c9fc6ddde5e',0,NULL,'0.1.0',NULL), (98,14,'2026-06-13 19:59:44','0ae8dc76-799d-4fda-b869-db1e2f5215f2','on_demand','I\'m sort of unclear what else is left to do in for CMS. \n\n  The whole plan, in 6 lines (the thing you were losing)\n\n  Near-term (do first):\n  - CMS → P0 trace extractor + drift canary (the foundation ',NULL,'d7b4a7853650f02ed135974ce5c40c9fc6ddde5e',0,NULL,'0.1.0',NULL), (99,7,'2026-06-13 19:59:45','0ae8dc76-799d-4fda-b869-db1e2f5215f2','on_demand','I\'m sort of unclear what else is left to do in for CMS. \n\n  The whole plan, in 6 lines (the thing you were losing)\n\n  Near-term (do first):\n  - CMS → P0 trace extractor + drift canary (the foundation ',NULL,'d7b4a7853650f02ed135974ce5c40c9fc6ddde5e',0,NULL,'0.1.0',NULL), (100,13,'2026-06-13 19:59:49','0ae8dc76-799d-4fda-b869-db1e2f5215f2','on_demand','I\'m sort of unclear what else is left to do in for CMS. \n\n  The whole plan, in 6 lines (the thing you were losing)\n\n  Near-term (do first):\n  - CMS → P0 trace extractor + drift canary (the foundation ',NULL,'d7b4a7853650f02ed135974ce5c40c9fc6ddde5e',0,NULL,'0.1.0',NULL), (101,11,'2026-06-13 19:59:49','0ae8dc76-799d-4fda-b869-db1e2f5215f2','on_demand','I\'m sort of unclear what else is left to do in for CMS. \n\n  The whole plan, in 6 lines (the thing you were losing)\n\n  Near-term (do first):\n  - CMS → P0 trace extractor + drift canary (the foundation ',NULL,'d7b4a7853650f02ed135974ce5c40c9fc6ddde5e',0,NULL,'0.1.0',NULL), (102,3,'2026-06-13 20:02:17','fba60e4e-9c43-43f3-bfcb-113e898ab2bf','session_start',NULL,NULL,'d7b4a7853650f02ed135974ce5c40c9fc6ddde5e',0,'claude-opus-4-8','0.1.0',NULL), (103,9,'2026-06-13 20:05:05','7012d564-ef0f-4469-bc0a-018f492c061d','edit_path','method/write-path.md','helpful','d7b4a7853650f02ed135974ce5c40c9fc6ddde5e',0,'claude-opus-4-8','0.1.0',NULL), (104,11,'2026-06-13 21:52:50','7012d564-ef0f-4469-bc0a-018f492c061d','on_demand','Er I didn\'t quite understand. Can you explain point 2 more in depth? Are you basically saying that recall.py isn\'t creating the strcuturred metadata that is required for staleness to be resolved? \n\nI ','noise','7718789c03661303ee7af0766de04445893a95c1',0,'claude-opus-4-8','0.1.0',NULL), (105,8,'2026-06-13 22:03:25','7012d564-ef0f-4469-bc0a-018f492c061d','edit_path','payload/tools/extract_session.py',NULL,'7718789c03661303ee7af0766de04445893a95c1',0,'claude-opus-4-8','0.1.0',NULL), (106,3,'2026-06-13 22:21:54','c87e295a-603c-433b-aa94-4a847bab702c','session_start',NULL,'helpful','3775221a7fbc8cd15122b33e5e4014bddd921c0a',0,'claude-opus-4-8','0.1.0',NULL), (107,12,'2026-06-13 22:23:05','c87e295a-603c-433b-aa94-4a847bab702c','on_demand','I\'ve asked VVsim to investigate CMS and see what parts she has that you don\'t have, and she has some opinons she\'d like to confer with you. I don\'t want you to do anyting I just want to see if you can',NULL,'3775221a7fbc8cd15122b33e5e4014bddd921c0a',0,NULL,'0.1.0',NULL), (108,14,'2026-06-13 22:23:06','c87e295a-603c-433b-aa94-4a847bab702c','on_demand','I\'ve asked VVsim to investigate CMS and see what parts she has that you don\'t have, and she has some opinons she\'d like to confer with you. I don\'t want you to do anyting I just want to see if you can',NULL,'3775221a7fbc8cd15122b33e5e4014bddd921c0a',0,NULL,'0.1.0',NULL), (109,13,'2026-06-13 22:30:39','c87e295a-603c-433b-aa94-4a847bab702c','on_demand','<task-notification>\n<task-id>b4l9ejzd2</task-id>\n<tool-use-id>toolu_01FZ14QYAX1Y1yEBpbjsMPQi</tool-use-id>\n<output-file>/tmp/claude-1000/-home-bolun-projects-CMS/c87e295a-603c-433b-aa94-4a847bab702c/t',NULL,'3775221a7fbc8cd15122b33e5e4014bddd921c0a',0,'claude-opus-4-8','0.1.0',NULL), (110,7,'2026-06-13 22:30:40','c87e295a-603c-433b-aa94-4a847bab702c','on_demand','<task-notification>\n<task-id>b4l9ejzd2</task-id>\n<tool-use-id>toolu_01FZ14QYAX1Y1yEBpbjsMPQi</tool-use-id>\n<output-file>/tmp/claude-1000/-home-bolun-projects-CMS/c87e295a-603c-433b-aa94-4a847bab702c/t',NULL,'3775221a7fbc8cd15122b33e5e4014bddd921c0a',0,'claude-opus-4-8','0.1.0',NULL), (111,10,'2026-06-13 22:30:40','c87e295a-603c-433b-aa94-4a847bab702c','on_demand','<task-notification>\n<task-id>b4l9ejzd2</task-id>\n<tool-use-id>toolu_01FZ14QYAX1Y1yEBpbjsMPQi</tool-use-id>\n<output-file>/tmp/claude-1000/-home-bolun-projects-CMS/c87e295a-603c-433b-aa94-4a847bab702c/t',NULL,'3775221a7fbc8cd15122b33e5e4014bddd921c0a',0,'claude-opus-4-8','0.1.0',NULL), (112,8,'2026-06-13 22:50:23','c87e295a-603c-433b-aa94-4a847bab702c','edit_path','payload/debt.md.template','noise','0fe489533f803fe4b59e1008d6dfe97f26e2fa48',1,'claude-opus-4-8','0.1.0',NULL), (113,9,'2026-06-13 22:50:28','c87e295a-603c-433b-aa94-4a847bab702c','edit_path','method/tech-debt.md','helpful','0fe489533f803fe4b59e1008d6dfe97f26e2fa48',1,'claude-opus-4-8','0.1.0',NULL), (114,3,'2026-06-13 23:19:59','0a09c366-59c6-4879-a351-f25b6a88a85a','session_start',NULL,NULL,'0fe489533f803fe4b59e1008d6dfe97f26e2fa48',1,'claude-opus-4-8','0.1.0',NULL), (115,10,'2026-06-13 23:20:18','0a09c366-59c6-4879-a351-f25b6a88a85a','on_demand','/confer with brain2 about end of session queryies --listen','helpful','0fe489533f803fe4b59e1008d6dfe97f26e2fa48',1,NULL,'0.1.0',NULL), (116,12,'2026-06-13 23:20:19','0a09c366-59c6-4879-a351-f25b6a88a85a','on_demand','/confer with brain2 about end of session queryies --listen','noise','0fe489533f803fe4b59e1008d6dfe97f26e2fa48',1,NULL,'0.1.0',NULL), (117,7,'2026-06-13 23:25:29','0a09c366-59c6-4879-a351-f25b6a88a85a','on_demand','<task-notification>\n<task-id>b6x5tum7o</task-id>\n<tool-use-id>toolu_01StoTy6DMF7zXbZZK1FSZxR</tool-use-id>\n<output-file>/tmp/claude-1000/-home-bolun-projects-CMS/0a09c366-59c6-4879-a351-f25b6a88a85a/t',NULL,'04f13dbc2e76c55fb7055014070325ccf8bd92d9',0,'claude-opus-4-8','0.1.0',NULL), (118,13,'2026-06-13 23:25:30','0a09c366-59c6-4879-a351-f25b6a88a85a','on_demand','<task-notification>\n<task-id>b6x5tum7o</task-id>\n<tool-use-id>toolu_01StoTy6DMF7zXbZZK1FSZxR</tool-use-id>\n<output-file>/tmp/claude-1000/-home-bolun-projects-CMS/0a09c366-59c6-4879-a351-f25b6a88a85a/t','noise','04f13dbc2e76c55fb7055014070325ccf8bd92d9',0,'claude-opus-4-8','0.1.0',NULL), (119,15,'2026-06-13 23:25:31','0a09c366-59c6-4879-a351-f25b6a88a85a','on_demand','<task-notification>\n<task-id>b6x5tum7o</task-id>\n<tool-use-id>toolu_01StoTy6DMF7zXbZZK1FSZxR</tool-use-id>\n<output-file>/tmp/claude-1000/-home-bolun-projects-CMS/0a09c366-59c6-4879-a351-f25b6a88a85a/t','noise','04f13dbc2e76c55fb7055014070325ccf8bd92d9',0,'claude-opus-4-8','0.1.0',NULL), (120,14,'2026-06-13 23:25:32','0a09c366-59c6-4879-a351-f25b6a88a85a','on_demand','<task-notification>\n<task-id>b6x5tum7o</task-id>\n<tool-use-id>toolu_01StoTy6DMF7zXbZZK1FSZxR</tool-use-id>\n<output-file>/tmp/claude-1000/-home-bolun-projects-CMS/0a09c366-59c6-4879-a351-f25b6a88a85a/t','noise','04f13dbc2e76c55fb7055014070325ccf8bd92d9',0,'claude-opus-4-8','0.1.0',NULL), (121,11,'2026-06-13 23:35:58','0a09c366-59c6-4879-a351-f25b6a88a85a','on_demand','<task-notification>\n<task-id>bdi7vrjqe</task-id>\n<tool-use-id>toolu_018wkD1x8qAhKWN9uFuCYYwk</tool-use-id>\n<output-file>/tmp/claude-1000/-home-bolun-projects-CMS/0a09c366-59c6-4879-a351-f25b6a88a85a/t','noise','04f13dbc2e76c55fb7055014070325ccf8bd92d9',0,'claude-opus-4-8','0.1.0',NULL), (122,3,'2026-06-14 01:27:58','9fa5a6f5-7ceb-4668-afe1-b72139060041','session_start',NULL,NULL,'04f13dbc2e76c55fb7055014070325ccf8bd92d9',0,'claude-opus-4-8','0.1.0',NULL), (123,9,'2026-06-14 01:27:59','0a09c366-59c6-4879-a351-f25b6a88a85a','edit_path','method/summaries.md','helpful','04f13dbc2e76c55fb7055014070325ccf8bd92d9',0,'claude-opus-4-8','0.1.0',NULL), (124,12,'2026-06-14 01:28:16','9fa5a6f5-7ceb-4668-afe1-b72139060041','on_demand','/confer monition --listen',NULL,'04f13dbc2e76c55fb7055014070325ccf8bd92d9',1,NULL,'0.1.0',NULL), (125,13,'2026-06-14 01:36:39','9fa5a6f5-7ceb-4668-afe1-b72139060041','on_demand','<task-notification>\n<task-id>b2mhmrxxv</task-id>\n<tool-use-id>toolu_019bPiFfDUwzczF2PyVYmQhH</tool-use-id>\n<output-file>/tmp/claude-1000/-home-bolun-projects-CMS/9fa5a6f5-7ceb-4668-afe1-b72139060041/t','noise','04f13dbc2e76c55fb7055014070325ccf8bd92d9',1,'claude-opus-4-8','0.1.0',NULL), (126,10,'2026-06-14 01:36:40','9fa5a6f5-7ceb-4668-afe1-b72139060041','on_demand','<task-notification>\n<task-id>b2mhmrxxv</task-id>\n<tool-use-id>toolu_019bPiFfDUwzczF2PyVYmQhH</tool-use-id>\n<output-file>/tmp/claude-1000/-home-bolun-projects-CMS/9fa5a6f5-7ceb-4668-afe1-b72139060041/t','noise','04f13dbc2e76c55fb7055014070325ccf8bd92d9',1,'claude-opus-4-8','0.1.0',NULL), (127,7,'2026-06-14 01:36:40','9fa5a6f5-7ceb-4668-afe1-b72139060041','on_demand','<task-notification>\n<task-id>b2mhmrxxv</task-id>\n<tool-use-id>toolu_019bPiFfDUwzczF2PyVYmQhH</tool-use-id>\n<output-file>/tmp/claude-1000/-home-bolun-projects-CMS/9fa5a6f5-7ceb-4668-afe1-b72139060041/t',NULL,'04f13dbc2e76c55fb7055014070325ccf8bd92d9',1,'claude-opus-4-8','0.1.0',NULL), (128,14,'2026-06-14 01:36:41','9fa5a6f5-7ceb-4668-afe1-b72139060041','on_demand','<task-notification>\n<task-id>b2mhmrxxv</task-id>\n<tool-use-id>toolu_019bPiFfDUwzczF2PyVYmQhH</tool-use-id>\n<output-file>/tmp/claude-1000/-home-bolun-projects-CMS/9fa5a6f5-7ceb-4668-afe1-b72139060041/t','noise','04f13dbc2e76c55fb7055014070325ccf8bd92d9',1,'claude-opus-4-8','0.1.0',NULL), (129,16,'2026-06-14 01:40:38','0a09c366-59c6-4879-a351-f25b6a88a85a','on_demand','commit and close','noise','391eddb5eee1c39620d75365c2432535e84b2602',1,'claude-opus-4-8','0.1.0',NULL), (130,17,'2026-06-14 01:40:49','9fa5a6f5-7ceb-4668-afe1-b72139060041','on_demand','<task-notification>\n<task-id>bq50lgnan</task-id>\n<tool-use-id>toolu_01HvQRhp3rAHbr3pgqtgxj9j</tool-use-id>\n<output-file>/tmp/claude-1000/-home-bolun-projects-CMS/9fa5a6f5-7ceb-4668-afe1-b72139060041/t','noise','391eddb5eee1c39620d75365c2432535e84b2602',1,'claude-opus-4-8','0.1.0',NULL), (131,16,'2026-06-14 01:40:49','9fa5a6f5-7ceb-4668-afe1-b72139060041','on_demand','<task-notification>\n<task-id>bq50lgnan</task-id>\n<tool-use-id>toolu_01HvQRhp3rAHbr3pgqtgxj9j</tool-use-id>\n<output-file>/tmp/claude-1000/-home-bolun-projects-CMS/9fa5a6f5-7ceb-4668-afe1-b72139060041/t','noise','391eddb5eee1c39620d75365c2432535e84b2602',1,'claude-opus-4-8','0.1.0',NULL), (132,3,'2026-06-14 13:01:15','fbe732fc-9437-4df1-970a-62c38004fe6d','session_start',NULL,NULL,'8857a6651d305b9b6dcdcd27d04d86a6c5145727',0,'claude-opus-4-8','0.1.0',NULL), (133,15,'2026-06-14 13:02:53','fbe732fc-9437-4df1-970a-62c38004fe6d','on_demand','AT some point I think we worked on a system where if there was some architectural gap or something like that was noticed during implementing something, we would track it. can yuo find that system and ',NULL,'8857a6651d305b9b6dcdcd27d04d86a6c5145727',0,NULL,'0.1.0','AT some point I think we worked on a system where if there was some architectural gap or something like that was noticed during implementing something, we would track it. can yuo find that system and then explain it to me'), (134,17,'2026-06-14 13:02:54','fbe732fc-9437-4df1-970a-62c38004fe6d','on_demand','AT some point I think we worked on a system where if there was some architectural gap or something like that was noticed during implementing something, we would track it. can yuo find that system and ',NULL,'8857a6651d305b9b6dcdcd27d04d86a6c5145727',0,NULL,'0.1.0','AT some point I think we worked on a system where if there was some architectural gap or something like that was noticed during implementing something, we would track it. can yuo find that system and then explain it to me'), (135,7,'2026-06-14 13:02:56','fbe732fc-9437-4df1-970a-62c38004fe6d','on_demand','AT some point I think we worked on a system where if there was some architectural gap or something like that was noticed during implementing something, we would track it. can yuo find that system and ',NULL,'8857a6651d305b9b6dcdcd27d04d86a6c5145727',0,NULL,'0.1.0','AT some point I think we worked on a system where if there was some architectural gap or something like that was noticed during implementing something, we would track it. can yuo find that system and then explain it to me'), (136,13,'2026-06-14 13:10:22','fbe732fc-9437-4df1-970a-62c38004fe6d','on_demand','dispatch has autonmous triage? So it does the work in the shelf before the next large chunk of work?',NULL,'8857a6651d305b9b6dcdcd27d04d86a6c5145727',1,'claude-opus-4-8','0.1.0','dispatch has autonmous triage? So it does the work in the shelf before the next large chunk of work?'), (137,12,'2026-06-14 13:10:24','fbe732fc-9437-4df1-970a-62c38004fe6d','on_demand','dispatch has autonmous triage? So it does the work in the shelf before the next large chunk of work?',NULL,'8857a6651d305b9b6dcdcd27d04d86a6c5145727',1,'claude-opus-4-8','0.1.0','dispatch has autonmous triage? So it does the work in the shelf before the next large chunk of work?'), (138,17,'2026-06-14 13:21:37','7012d564-ef0f-4469-bc0a-018f492c061d','on_demand','Are these takeaways different from the line-items in monitions? These are the ones that are produced at end of session mine, right?',NULL,'8857a6651d305b9b6dcdcd27d04d86a6c5145727',1,'claude-opus-4-8','0.1.0','Are these takeaways different from the line-items in monitions? These are the ones that are produced at end of session mine, right?'), (139,5,'2026-06-14 13:33:13','7012d564-ef0f-4469-bc0a-018f492c061d','edit_path','.claude/skills/mine-session/SKILL.md',NULL,'8857a6651d305b9b6dcdcd27d04d86a6c5145727',1,'claude-opus-4-8','0.1.0','6. **Routing a domain-free lesson — the incubator is the upstream, so don\'t queue\n   it.** A `--mirror candidate` row waits for a sweep that pulls it *up*; CMS has no\n   upstream. Decide now instead: if the lesson would help a *generated* project,\n   propose it straight into `payload/lessons.md.template` (a tier-0 block) through\n   the consent gate; if it only applies to building the incubator or its modules,\n   leave it a local row (`mirror none`, the default). Reserve `--mirror candidate`\n   for instantiated downstream projects, where the upstream is real.'), (140,6,'2026-06-14 13:33:14','7012d564-ef0f-4469-bc0a-018f492c061d','edit_path','.claude/skills/mine-session/SKILL.md',NULL,'8857a6651d305b9b6dcdcd27d04d86a6c5145727',1,'claude-opus-4-8','0.1.0','6. **Routing a domain-free lesson — the incubator is the upstream, so don\'t queue\n   it.** A `--mirror candidate` row waits for a sweep that pulls it *up*; CMS has no\n   upstream. Decide now instead: if the lesson would help a *generated* project,\n   propose it straight into `payload/lessons.md.template` (a tier-0 block) through\n   the consent gate; if it only applies to building the incubator or its modules,\n   leave it a local row (`mirror none`, the default). Reserve `--mirror candidate`\n   for instantiated downstream projects, where the upstream is real.'), (141,8,'2026-06-14 13:37:28','fbe732fc-9437-4df1-970a-62c38004fe6d','edit_path','payload/skills/dispatch/SKILL.md','noise','7c54f8152cec8938e4609d25176a5c7bb32c5ae7',1,'claude-opus-4-8','0.1.0','   names something the data model lacks (a status that isn\'t a status), surface the\n   mismatch first rather than silently translating it. Before report-first, if\n   `docs/debt.md` exists, grep it for the files this phase touches; surface any hits\n   with a fold-in / sibling / parked call (fold in only within budget).'), (142,9,'2026-06-14 13:37:31','fbe732fc-9437-4df1-970a-62c38004fe6d','edit_path','method/dispatch.md','helpful','7c54f8152cec8938e4609d25176a5c7bb32c5ae7',1,'claude-opus-4-8','0.1.0','discoveries. Lessons land at the narrowest scope that will fire.\n\n**Debt relevance gate.** Between reading a bucket\'s touchpoints and reporting, grep\n`docs/debt.md` for those same paths: a match is debt in a file you\'re about to open\nanyway, so its fix is nearly free. Surface hits in report-first with a fold-in /\nsibling-bucket / leave-parked call (fold in only within the bucket\'s budget). This is\nthe capture trigger\'s mirror — capture parks debt while the function is open; the gate\nspends it when the function reopens. Distinct from the autonomous-triage sweep: the\nsweep drains the whole shelf by *safety* on demand; the gate drains by *relevance*,\ninline.\n\nThe generator prompt that produces these files carries its own Updates section —'), (143,15,'2026-06-14 13:46:07','7012d564-ef0f-4469-bc0a-018f492c061d','on_demand','shouldn\'t there be another tech-debt specific system that captures this kind of thing? review your own context management systems','helpful','7c54f8152cec8938e4609d25176a5c7bb32c5ae7',1,'claude-opus-4-8','0.1.0','shouldn\'t there be another tech-debt specific system that captures this kind of thing? review your own context management systems'), (144,3,'2026-06-14 17:11:02','ee2cd166-82ad-4e1e-a965-920ee63a316d','session_start',NULL,NULL,'f7ddab6d1b00b949a81a4c79e55511c7790ebdac',0,'claude-opus-4-8','0.1.0',NULL), (145,7,'2026-06-14 17:12:34','ee2cd166-82ad-4e1e-a965-920ee63a316d','on_demand','I want to start my end of sprint project, is CMS in currently a good shape for that\n- Is ther more work that would make sense to finish off in CMS before moving to the project\n- Do I need to do anythi',NULL,'f7ddab6d1b00b949a81a4c79e55511c7790ebdac',0,NULL,'0.1.0','I want to start my end of sprint project, is CMS in currently a good shape for that\n- Is ther more work that would make sense to finish off in CMS before moving to the project\n- Do I need to do anything with the changes to monition recently to make it ready for when CMS creates my new project?'), (146,18,'2026-06-14 17:12:34','ee2cd166-82ad-4e1e-a965-920ee63a316d','on_demand','I want to start my end of sprint project, is CMS in currently a good shape for that\n- Is ther more work that would make sense to finish off in CMS before moving to the project\n- Do I need to do anythi','helpful','f7ddab6d1b00b949a81a4c79e55511c7790ebdac',0,NULL,'0.1.0','I want to start my end of sprint project, is CMS in currently a good shape for that\n- Is ther more work that would make sense to finish off in CMS before moving to the project\n- Do I need to do anything with the changes to monition recently to make it ready for when CMS creates my new project?'), (147,15,'2026-06-14 17:12:35','ee2cd166-82ad-4e1e-a965-920ee63a316d','on_demand','I want to start my end of sprint project, is CMS in currently a good shape for that\n- Is ther more work that would make sense to finish off in CMS before moving to the project\n- Do I need to do anythi','helpful','f7ddab6d1b00b949a81a4c79e55511c7790ebdac',0,NULL,'0.1.0','I want to start my end of sprint project, is CMS in currently a good shape for that\n- Is ther more work that would make sense to finish off in CMS before moving to the project\n- Do I need to do anything with the changes to monition recently to make it ready for when CMS creates my new project?'), (148,9,'2026-06-14 17:25:54','ee2cd166-82ad-4e1e-a965-920ee63a316d','edit_path','method/instantiate.md','helpful','f7ddab6d1b00b949a81a4c79e55511c7790ebdac',0,'claude-opus-4-8','0.1.0','3. Fill every `{{PLACEHOLDER}}`; grep for `{{` afterwards — zero hits before commit.\n   For `{{VALIDATION_CMD}}`, write the *exact runnable* invocation a session can paste —\n   venv- or path-qualified wherever the bare tool isn\'t on `PATH` (e.g. `.venv/bin/pytest`,\n   not bare `pytest`) — not the tool\'s generic name.'), (149,12,'2026-06-14 17:33:02','ee2cd166-82ad-4e1e-a965-920ee63a316d','on_demand','if later on you want to adaopt lessons, you then no longer have the dolt database and collection that allow you to make judgements on things like evals tho right?',NULL,'f7ddab6d1b00b949a81a4c79e55511c7790ebdac',1,'claude-opus-4-8','0.1.0','if later on you want to adaopt lessons, you then no longer have the dolt database and collection that allow you to make judgements on things like evals tho right?'), (150,13,'2026-06-14 17:37:18','ee2cd166-82ad-4e1e-a965-920ee63a316d','on_demand','I\'m sorry things are really unclear to me. I need a summary of the eval system and the montition adoption wihtin a timeline after instantiation with examples',NULL,'f7ddab6d1b00b949a81a4c79e55511c7790ebdac',1,'claude-opus-4-8','0.1.0','I\'m sorry things are really unclear to me. I need a summary of the eval system and the montition adoption wihtin a timeline after instantiation with examples'), (151,19,'2026-06-14 17:37:19','ee2cd166-82ad-4e1e-a965-920ee63a316d','on_demand','I\'m sorry things are really unclear to me. I need a summary of the eval system and the montition adoption wihtin a timeline after instantiation with examples','helpful','f7ddab6d1b00b949a81a4c79e55511c7790ebdac',1,'claude-opus-4-8','0.1.0','I\'m sorry things are really unclear to me. I need a summary of the eval system and the montition adoption wihtin a timeline after instantiation with examples'), (152,17,'2026-06-14 17:37:22','ee2cd166-82ad-4e1e-a965-920ee63a316d','on_demand','I\'m sorry things are really unclear to me. I need a summary of the eval system and the montition adoption wihtin a timeline after instantiation with examples','noise','f7ddab6d1b00b949a81a4c79e55511c7790ebdac',1,'claude-opus-4-8','0.1.0','I\'m sorry things are really unclear to me. I need a summary of the eval system and the montition adoption wihtin a timeline after instantiation with examples'), (153,16,'2026-06-14 17:41:07','ee2cd166-82ad-4e1e-a965-920ee63a316d','on_demand','but the eval stage requires thigns like git and session snapshots that don\'t exist until after adoption right? I feel like I should be adopting monitino immediately',NULL,'f7ddab6d1b00b949a81a4c79e55511c7790ebdac',1,'claude-opus-4-8','0.1.0','but the eval stage requires thigns like git and session snapshots that don\'t exist until after adoption right? I feel like I should be adopting monitino immediately'), (154,11,'2026-06-14 18:03:00','ee2cd166-82ad-4e1e-a965-920ee63a316d','on_demand','have instantiate run monition init if you use /instantiate with a specific arugment','noise','f7ddab6d1b00b949a81a4c79e55511c7790ebdac',1,'claude-opus-4-8','0.1.0','have instantiate run monition init if you use /instantiate with a specific arugment'), (155,5,'2026-06-14 18:05:28','ee2cd166-82ad-4e1e-a965-920ee63a316d','edit_path','.claude/skills/instantiate/SKILL.md',NULL,'f7ddab6d1b00b949a81a4c79e55511c7790ebdac',1,'claude-opus-4-8','0.1.0','description: Start a new project from this incubator — interview the user about what to build, then generate ~/projects/<name> with a phased road.md, a tailored CLAUDE.md, and working context-management machinery (minimal or full profile). Use when the user invokes /instantiate [name] [--store], or asks to start/bootstrap/spin up a new project. NOT for adding machinery to an existing project — that\'s a manual payload adoption.'), (156,6,'2026-06-14 18:05:29','ee2cd166-82ad-4e1e-a965-920ee63a316d','edit_path','.claude/skills/instantiate/SKILL.md','noise','f7ddab6d1b00b949a81a4c79e55511c7790ebdac',1,'claude-opus-4-8','0.1.0','description: Start a new project from this incubator — interview the user about what to build, then generate ~/projects/<name> with a phased road.md, a tailored CLAUDE.md, and working context-management machinery (minimal or full profile). Use when the user invokes /instantiate [name] [--store], or asks to start/bootstrap/spin up a new project. NOT for adding machinery to an existing project — that\'s a manual payload adoption.'), (157,18,'2026-06-14 18:14:40',NULL,'recurrence','Recurred ~3x beyond its session-start firing this session: grepped the firings schema when the user challenged whether takeaway->git/session linkage is tracked (it isn\'t, in tier-0); ran \'monition init --help\' to confirm --adopt is wired before referencing it in the instantiate procedure; checked git log for when the tier-0 interchange format last changed before claiming the payload executor is still aligned.','helpful','484118e6f462e27428fa429ed2eefffacc693f02',0,NULL,'0.1.0',NULL), (158,3,'2026-06-14 18:28:24','e2f3abf3-d743-4b5f-b1cf-5fad214ea138','session_start',NULL,NULL,'80d044d3be9c88bc034b16e6bae46781facd055c',0,NULL,'0.1.0',NULL), (159,13,'2026-06-14 18:47:08','e2f3abf3-d743-4b5f-b1cf-5fad214ea138','on_demand','you can farm 20 Active/CS corpus v2 — multi-source diagnostic loop.md in brain2 for naswers','noise','80d044d3be9c88bc034b16e6bae46781facd055c',0,'claude-opus-4-8','0.1.0','you can farm 20 Active/CS corpus v2 — multi-source diagnostic loop.md in brain2 for naswers'), (160,12,'2026-06-14 18:47:09','e2f3abf3-d743-4b5f-b1cf-5fad214ea138','on_demand','you can farm 20 Active/CS corpus v2 — multi-source diagnostic loop.md in brain2 for naswers','noise','80d044d3be9c88bc034b16e6bae46781facd055c',0,'claude-opus-4-8','0.1.0','you can farm 20 Active/CS corpus v2 — multi-source diagnostic loop.md in brain2 for naswers'), (161,3,'2026-06-14 20:23:27','6bb2ccd0-e8e0-4b06-a627-e34c0629d5d6','session_start',NULL,NULL,'80d044d3be9c88bc034b16e6bae46781facd055c',0,'claude-opus-4-8','0.1.0',NULL), (162,9,'2026-06-14 20:24:09','e2f3abf3-d743-4b5f-b1cf-5fad214ea138','edit_path','method/instantiate.md','noise','80d044d3be9c88bc034b16e6bae46781facd055c',0,'claude-opus-4-8','0.1.0','   store, imports the starter lessons as rows, and wires Monition\'s own hooks), then\n   delete `lessons.md` — adoption is one-way and the store now owns the rows. Then\n   make the Dolt store enter git as reviewable text, not binaries: add\n   `monition/.dolt/` to `.gitignore`; wire dump regeneration into `.githooks/pre-commit`\n   (`monition dump` → `git add monition/dump.sql`, guarded by `[ -d monition/.dolt ]`,\n   after the linter line); and run `monition dump` once before the step-6 commit so\n   `dump.sql` exists. Git then tracks only the derived `dump.sql`; the binary `.dolt/`\n   stays local with its own dolt history.'), (163,18,'2026-06-14 20:24:40','6bb2ccd0-e8e0-4b06-a627-e34c0629d5d6','on_demand','do the context management systems work when agents are running the tasks? like for example if I automate the workstream such that an agent is doing each bucket, is it running session wrap and session ','helpful','80d044d3be9c88bc034b16e6bae46781facd055c',1,NULL,'0.1.0','do the context management systems work when agents are running the tasks? like for example if I automate the workstream such that an agent is doing each bucket, is it running session wrap and session mine? is the orchestrating architect doing that? isn\'t this a gap?'), (164,19,'2026-06-14 20:24:41','6bb2ccd0-e8e0-4b06-a627-e34c0629d5d6','on_demand','do the context management systems work when agents are running the tasks? like for example if I automate the workstream such that an agent is doing each bucket, is it running session wrap and session ','helpful','80d044d3be9c88bc034b16e6bae46781facd055c',1,NULL,'0.1.0','do the context management systems work when agents are running the tasks? like for example if I automate the workstream such that an agent is doing each bucket, is it running session wrap and session mine? is the orchestrating architect doing that? isn\'t this a gap?'), (165,7,'2026-06-14 20:24:42','6bb2ccd0-e8e0-4b06-a627-e34c0629d5d6','on_demand','do the context management systems work when agents are running the tasks? like for example if I automate the workstream such that an agent is doing each bucket, is it running session wrap and session ','noise','80d044d3be9c88bc034b16e6bae46781facd055c',1,NULL,'0.1.0','do the context management systems work when agents are running the tasks? like for example if I automate the workstream such that an agent is doing each bucket, is it running session wrap and session mine? is the orchestrating architect doing that? isn\'t this a gap?'), (166,15,'2026-06-14 20:24:44','6bb2ccd0-e8e0-4b06-a627-e34c0629d5d6','on_demand','do the context management systems work when agents are running the tasks? like for example if I automate the workstream such that an agent is doing each bucket, is it running session wrap and session ','helpful','80d044d3be9c88bc034b16e6bae46781facd055c',1,NULL,'0.1.0','do the context management systems work when agents are running the tasks? like for example if I automate the workstream such that an agent is doing each bucket, is it running session wrap and session mine? is the orchestrating architect doing that? isn\'t this a gap?'), (167,9,'2026-06-14 22:06:17','6bb2ccd0-e8e0-4b06-a627-e34c0629d5d6','edit_path','method/learning-loop.md',NULL,'80d044d3be9c88bc034b16e6bae46781facd055c',1,'claude-opus-4-8','0.1.0','- This mining discipline is canonical here; the Monition module\'s mine-session template\n  mirrors the pass (domain-stripped), propagated by `monition sync` — the same channel\n  `lesson-routing.md` uses. Bump and hand off here on any change.\n- **Delegated runs route the end pass through the architect.** When buckets are\n  dispatched to stateless workers, the workers persist per-bucket gotchas to their\n  `Updates` but cannot run the end-of-session pass; the architect runs one run-level mine\n  (and one run-level wrap) over the worker results plus accumulated Updates. See\n  `dispatch.md` §Architect → implementer.'), (168,12,'2026-06-14 22:11:40','6bb2ccd0-e8e0-4b06-a627-e34c0629d5d6','on_demand','I notice that whenever something the system prompt suggests to add something to memory, we should be instead adding it to our own custom context management systems','noise','80d044d3be9c88bc034b16e6bae46781facd055c',1,'claude-opus-4-8','0.1.0','I notice that whenever something the system prompt suggests to add something to memory, we should be instead adding it to our own custom context management systems'), (169,7,'2026-06-14 22:59:43','e2f3abf3-d743-4b5f-b1cf-5fad214ea138','on_demand','done? do I need session mine/wrap/clear?',NULL,'80d044d3be9c88bc034b16e6bae46781facd055c',1,'claude-opus-4-8','0.1.0','done? do I need session mine/wrap/clear?'), (170,18,'2026-06-14 22:59:44','e2f3abf3-d743-4b5f-b1cf-5fad214ea138','on_demand','done? do I need session mine/wrap/clear?',NULL,'80d044d3be9c88bc034b16e6bae46781facd055c',1,'claude-opus-4-8','0.1.0','done? do I need session mine/wrap/clear?'), (171,3,'2026-06-15 01:21:31','4018b369-76a5-4140-aded-e0ecd91d2227','session_start',NULL,'helpful','d37086b81f90b6b670e686301e5f64e2d0dd4bc1',1,'claude-opus-4-8','0.1.0',NULL), (172,7,'2026-06-15 01:25:25','4018b369-76a5-4140-aded-e0ecd91d2227','on_demand','You\'ll find your answers in projects\\brain2\\Handoffs\\RCA-handoffs After you create repo move the handoffs from that folder into the repo-specific ones.',NULL,'d37086b81f90b6b670e686301e5f64e2d0dd4bc1',1,'claude-opus-4-8','0.1.0','You\'ll find your answers in projects\\brain2\\Handoffs\\RCA-handoffs After you create repo move the handoffs from that folder into the repo-specific ones.'), (173,20,'2026-06-15 01:25:27','4018b369-76a5-4140-aded-e0ecd91d2227','on_demand','You\'ll find your answers in projects\\brain2\\Handoffs\\RCA-handoffs After you create repo move the handoffs from that folder into the repo-specific ones.','helpful','d37086b81f90b6b670e686301e5f64e2d0dd4bc1',1,'claude-opus-4-8','0.1.0','You\'ll find your answers in projects\\brain2\\Handoffs\\RCA-handoffs After you create repo move the handoffs from that folder into the repo-specific ones.'), (174,18,'2026-06-15 01:25:28','4018b369-76a5-4140-aded-e0ecd91d2227','on_demand','You\'ll find your answers in projects\\brain2\\Handoffs\\RCA-handoffs After you create repo move the handoffs from that folder into the repo-specific ones.','helpful','d37086b81f90b6b670e686301e5f64e2d0dd4bc1',1,'claude-opus-4-8','0.1.0','You\'ll find your answers in projects\\brain2\\Handoffs\\RCA-handoffs After you create repo move the handoffs from that folder into the repo-specific ones.'), (175,9,'2026-06-15 01:48:25','4018b369-76a5-4140-aded-e0ecd91d2227','edit_path','method/instantiate.md',NULL,'d37086b81f90b6b670e686301e5f64e2d0dd4bc1',1,'claude-opus-4-8','0.1.0','     **tier-0 default — `--store` skips this lessons-tier sub-item only (see step 5):**\n     `payload/lessons.md.template` → `lessons.md` and `payload/tools/\n     lessons_fire.py` → `tools/` plus its wiring in `.claude/settings.json`\n     (SessionStart → `python3 \"$CLAUDE_PROJECT_DIR/tools/lessons_fire.py\" session`;\n     PreToolUse matcher `Write|Edit` → `python3 \"$CLAUDE_PROJECT_DIR/tools/\n     lessons_fire.py\" edit` — anchor hook commands to `$CLAUDE_PROJECT_DIR`,\n     never the cwd).\n     **Always (both tiers, including `--store`):**\n     `payload/hooks/session_tokens.py` → `tools/` plus its SessionEnd wiring\n     in `.claude/settings.json` (SessionEnd →\n     `python3 \"$CLAUDE_PROJECT_DIR/tools/session_tokens.py\"`) — Monition wires\n     SessionStart/PreToolUse/UserPromptSubmit but never SessionEnd, so token\n     accounting is orthogonal to the takeaway tier and is copied under `--store` too.'), (176,17,'2026-06-15 01:51:30','4018b369-76a5-4140-aded-e0ecd91d2227','on_demand','Did you already try to generate a roadmap from the docs I gave you? I may need to adjust them because of some changes to the docs/spec',NULL,'d37086b81f90b6b670e686301e5f64e2d0dd4bc1',1,'claude-opus-4-8','0.1.0','Did you already try to generate a roadmap from the docs I gave you? I may need to adjust them because of some changes to the docs/spec'), (177,19,'2026-06-15 01:51:32','4018b369-76a5-4140-aded-e0ecd91d2227','on_demand','Did you already try to generate a roadmap from the docs I gave you? I may need to adjust them because of some changes to the docs/spec',NULL,'d37086b81f90b6b670e686301e5f64e2d0dd4bc1',1,'claude-opus-4-8','0.1.0','Did you already try to generate a roadmap from the docs I gave you? I may need to adjust them because of some changes to the docs/spec'), (178,3,'2026-06-15 01:54:03','e919c0b9-389b-4406-88a8-e95e9eff4d3e','session_start',NULL,NULL,'d37086b81f90b6b670e686301e5f64e2d0dd4bc1',1,'claude-opus-4-8','0.1.0',NULL), (179,15,'2026-06-15 01:56:22','4018b369-76a5-4140-aded-e0ecd91d2227','on_demand','2nd Headline artifact is evidence of an advanced agentic harness that shows can efficently obtain the right context and synthesize useful insights. \n\nAdding above line to the 00_index and then added a',NULL,'d37086b81f90b6b670e686301e5f64e2d0dd4bc1',1,'claude-opus-4-8','0.1.0','2nd Headline artifact is evidence of an advanced agentic harness that shows can efficently obtain the right context and synthesize useful insights. \n\nAdding above line to the 00_index and then added a new doc, with notes on ammending.projects\\RCA\\docs\\handoff should have hte updated docs now'), (180,3,'2026-06-16 01:36:37','ed8194ed-dc2c-4e99-84be-325553189040','session_start',NULL,NULL,'d37086b81f90b6b670e686301e5f64e2d0dd4bc1',1,'claude-opus-4-8','0.1.0',NULL), (181,18,'2026-06-16 01:38:33','ed8194ed-dc2c-4e99-84be-325553189040','on_demand','I want to evaluate how well my friend\'s claude.md (user level) works compared to mine. I remember building a system for taking snapshots of session and repo environment and I want to basically deploy ',NULL,'d37086b81f90b6b670e686301e5f64e2d0dd4bc1',1,NULL,'0.1.0','I want to evaluate how well my friend\'s claude.md (user level) works compared to mine. I remember building a system for taking snapshots of session and repo environment and I want to basically deploy their user levle claude.md in one worktree and mine in anotehr worktree and see how they perform in a variety of different tests (different model, different task, etc). Don\'t code anything yet but do you knopw what I\'m taling about? Is there code I can borrow from here or maybe from the monition\'s repo?'), (182,19,'2026-06-16 01:38:35','ed8194ed-dc2c-4e99-84be-325553189040','on_demand','I want to evaluate how well my friend\'s claude.md (user level) works compared to mine. I remember building a system for taking snapshots of session and repo environment and I want to basically deploy ',NULL,'d37086b81f90b6b670e686301e5f64e2d0dd4bc1',1,NULL,'0.1.0','I want to evaluate how well my friend\'s claude.md (user level) works compared to mine. I remember building a system for taking snapshots of session and repo environment and I want to basically deploy their user levle claude.md in one worktree and mine in anotehr worktree and see how they perform in a variety of different tests (different model, different task, etc). Don\'t code anything yet but do you knopw what I\'m taling about? Is there code I can borrow from here or maybe from the monition\'s repo?'), (183,15,'2026-06-16 01:38:37','ed8194ed-dc2c-4e99-84be-325553189040','on_demand','I want to evaluate how well my friend\'s claude.md (user level) works compared to mine. I remember building a system for taking snapshots of session and repo environment and I want to basically deploy ',NULL,'d37086b81f90b6b670e686301e5f64e2d0dd4bc1',1,NULL,'0.1.0','I want to evaluate how well my friend\'s claude.md (user level) works compared to mine. I remember building a system for taking snapshots of session and repo environment and I want to basically deploy their user levle claude.md in one worktree and mine in anotehr worktree and see how they perform in a variety of different tests (different model, different task, etc). Don\'t code anything yet but do you knopw what I\'m taling about? Is there code I can borrow from here or maybe from the monition\'s repo?'), (184,17,'2026-06-16 01:38:38','ed8194ed-dc2c-4e99-84be-325553189040','on_demand','I want to evaluate how well my friend\'s claude.md (user level) works compared to mine. I remember building a system for taking snapshots of session and repo environment and I want to basically deploy ',NULL,'d37086b81f90b6b670e686301e5f64e2d0dd4bc1',1,NULL,'0.1.0','I want to evaluate how well my friend\'s claude.md (user level) works compared to mine. I remember building a system for taking snapshots of session and repo environment and I want to basically deploy their user levle claude.md in one worktree and mine in anotehr worktree and see how they perform in a variety of different tests (different model, different task, etc). Don\'t code anything yet but do you knopw what I\'m taling about? Is there code I can borrow from here or maybe from the monition\'s repo?'), (185,7,'2026-06-16 01:38:39','ed8194ed-dc2c-4e99-84be-325553189040','on_demand','I want to evaluate how well my friend\'s claude.md (user level) works compared to mine. I remember building a system for taking snapshots of session and repo environment and I want to basically deploy ',NULL,'d37086b81f90b6b670e686301e5f64e2d0dd4bc1',1,NULL,'0.1.0','I want to evaluate how well my friend\'s claude.md (user level) works compared to mine. I remember building a system for taking snapshots of session and repo environment and I want to basically deploy their user levle claude.md in one worktree and mine in anotehr worktree and see how they perform in a variety of different tests (different model, different task, etc). Don\'t code anything yet but do you knopw what I\'m taling about? Is there code I can borrow from here or maybe from the monition\'s repo?'), (186,20,'2026-06-16 01:38:39','ed8194ed-dc2c-4e99-84be-325553189040','on_demand','I want to evaluate how well my friend\'s claude.md (user level) works compared to mine. I remember building a system for taking snapshots of session and repo environment and I want to basically deploy ',NULL,'d37086b81f90b6b670e686301e5f64e2d0dd4bc1',1,NULL,'0.1.0','I want to evaluate how well my friend\'s claude.md (user level) works compared to mine. I remember building a system for taking snapshots of session and repo environment and I want to basically deploy their user levle claude.md in one worktree and mine in anotehr worktree and see how they perform in a variety of different tests (different model, different task, etc). Don\'t code anything yet but do you knopw what I\'m taling about? Is there code I can borrow from here or maybe from the monition\'s repo?'), (187,3,'2026-06-16 02:01:05','12258a5f-14fe-4bdc-b5d8-d3a121c60f63','session_start',NULL,NULL,'d37086b81f90b6b670e686301e5f64e2d0dd4bc1',1,'claude-opus-4-8','0.1.0',NULL), (188,3,'2026-06-16 02:02:43','22568512-4149-4369-bc9e-b2603a15c860','session_start',NULL,NULL,'d37086b81f90b6b670e686301e5f64e2d0dd4bc1',1,'claude-opus-4-8','0.1.0',NULL), (189,7,'2026-06-16 02:13:03','22568512-4149-4369-bc9e-b2603a15c860','on_demand','/instantiate Fathom with the docs from projects\\brain2\\20 Active\\fathom handoffs',NULL,'d37086b81f90b6b670e686301e5f64e2d0dd4bc1',1,NULL,'0.1.0','/instantiate Fathom with the docs from projects\\brain2\\20 Active\\fathom handoffs'), (190,20,'2026-06-16 02:41:45','22568512-4149-4369-bc9e-b2603a15c860','on_demand','2, codify, then mine and wrap',NULL,'d37086b81f90b6b670e686301e5f64e2d0dd4bc1',1,'claude-opus-4-8','0.1.0','2, codify, then mine and wrap'), (191,9,'2026-06-16 02:42:56','22568512-4149-4369-bc9e-b2603a15c860','edit_path','method/instantiate.md',NULL,'d37086b81f90b6b670e686301e5f64e2d0dd4bc1',1,'claude-opus-4-8','0.1.0','  broken. It now strips ` ``` `-fenced blocks before the relative-link check (a precision\n  fix to the existing ERROR, not a new check class).\n- **2026-06-16** (Fathom, full profile, `--store`): clean run; second exercise of the\n  external-brief-packet pattern (2026-06-15) — confirmed it (confirm the mapping and\n  generate; road.md a thin tracker over the brief; a `docs/decisions/` record fixes the\n  road↔brief split). Two small additions worth keeping: (1) When the brief states\n  load-bearing **invariants** (here \"ground truth is eval-only, never enters the\n  controller\"), seed the day-one store with a *project-specific* starter lesson encoding\n  one, triggered on the files that would risk violating it — not just the generic\n  template blocks. The store should fire on the project\'s own non-negotiables from\n  session one (a thing that fires, not prose about it). (2) Imported brief docs trip the\n  payload linter\'s `check_opening_thesis` **WARN** (long opening lines); that is expected\n  advisory noise on the user\'s authoritative material — do not reword imported brief\n  prose to silence it. Also confirmed: the governance-map §Map menu earns its place when\n  the project ships product-as-governance surfaces (here: difficulty catalog, eval\n  rubric, baselines, ontology, each with admission rules) — a genuine non-\"none\" answer.'), (192,3,'2026-06-16 10:21:13','ac23664d-04b9-4328-8c30-52d907013abb','session_start',NULL,NULL,'d37086b81f90b6b670e686301e5f64e2d0dd4bc1',1,'claude-opus-4-8','0.1.0',NULL), (193,20,'2026-06-16 12:02:10','ac23664d-04b9-4328-8c30-52d907013abb','on_demand','I want to create a helper function that can run a fractional factoral design on an eval. So a user story might be \"I\'m wondering how good this line in my claude.md is at helping me not run into [situa',NULL,'d37086b81f90b6b670e686301e5f64e2d0dd4bc1',1,NULL,'0.1.0','I want to create a helper function that can run a fractional factoral design on an eval. So a user story might be \"I\'m wondering how good this line in my claude.md is at helping me not run into [situation its supposed to prevent]\" so you design an experiment, (runing some quick tests to see how long things are likely to take beforehand if necessary) where you reason about which higher order factors are not likely, and then run the test, and then use stats to analyze the results'), (194,19,'2026-06-16 12:02:15','ac23664d-04b9-4328-8c30-52d907013abb','on_demand','I want to create a helper function that can run a fractional factoral design on an eval. So a user story might be \"I\'m wondering how good this line in my claude.md is at helping me not run into [situa',NULL,'d37086b81f90b6b670e686301e5f64e2d0dd4bc1',1,NULL,'0.1.0','I want to create a helper function that can run a fractional factoral design on an eval. So a user story might be \"I\'m wondering how good this line in my claude.md is at helping me not run into [situation its supposed to prevent]\" so you design an experiment, (runing some quick tests to see how long things are likely to take beforehand if necessary) where you reason about which higher order factors are not likely, and then run the test, and then use stats to analyze the results'), (195,7,'2026-06-16 13:03:24','ac23664d-04b9-4328-8c30-52d907013abb','on_demand','/handoff I need to clear sessions for another large task',NULL,'d37086b81f90b6b670e686301e5f64e2d0dd4bc1',1,'claude-opus-4-8','0.1.0','/handoff I need to clear sessions for another large task'), (196,18,'2026-06-16 13:03:25','ac23664d-04b9-4328-8c30-52d907013abb','on_demand','/handoff I need to clear sessions for another large task',NULL,'d37086b81f90b6b670e686301e5f64e2d0dd4bc1',1,'claude-opus-4-8','0.1.0','/handoff I need to clear sessions for another large task'), (197,3,'2026-06-17 03:05:24','3c00a5c8-0e93-4526-ba0a-b9272ba2ff87','session_start',NULL,NULL,'3a0066020d4d7d16b4e1e225b51b1543928da86b',1,'claude-sonnet-4-6','0.1.0',NULL), (198,3,'2026-06-17 03:17:10','3c7864d6-7af8-4891-a1b3-d46f48ee6174','session_start',NULL,NULL,'fc48c240cda9f661a5910ceaa833ce91acbea2fb',0,'claude-sonnet-4-6','0.1.0',NULL), (199,19,'2026-06-17 03:18:29','3c7864d6-7af8-4891-a1b3-d46f48ee6174','on_demand','2 questions:\n- ahve we done a back-sweep recently?\n- should we dogfood our payloaded skills? Is there a reason our payloaded skills aren\'t just .claude global skills?',NULL,'fc48c240cda9f661a5910ceaa833ce91acbea2fb',0,'claude-sonnet-4-6','0.1.0','2 questions:\n- ahve we done a back-sweep recently?\n- should we dogfood our payloaded skills? Is there a reason our payloaded skills aren\'t just .claude global skills?'), (200,5,'2026-06-17 10:42:46','3c7864d6-7af8-4891-a1b3-d46f48ee6174','edit_path','.claude/skills/test-precedence/SKILL.md',NULL,'fc48c240cda9f661a5910ceaa833ce91acbea2fb',1,'claude-sonnet-4-6','0.1.0','---\nname: test-precedence\ndescription: Precedence test skill — DO NOT USE except for testing.\n---\n\n# test-precedence\n\nSay exactly: \"LOCAL skill fired.\"\n'), (201,6,'2026-06-17 10:42:47','3c7864d6-7af8-4891-a1b3-d46f48ee6174','edit_path','.claude/skills/test-precedence/SKILL.md',NULL,'fc48c240cda9f661a5910ceaa833ce91acbea2fb',1,'claude-sonnet-4-6','0.1.0','---\nname: test-precedence\ndescription: Precedence test skill — DO NOT USE except for testing.\n---\n\n# test-precedence\n\nSay exactly: \"LOCAL skill fired.\"\n'), (202,7,'2026-06-17 11:24:22','3c7864d6-7af8-4891-a1b3-d46f48ee6174','on_demand','I would have a general version of fathon canddiate, I think the example it gives is too speific\n\nI think we should make al ist of all things like this. All housekeeping things basically. Other ones ar',NULL,'fc48c240cda9f661a5910ceaa833ce91acbea2fb',1,'claude-sonnet-4-6','0.1.0','I would have a general version of fathon canddiate, I think the example it gives is too speific\n\nI think we should make al ist of all things like this. All housekeeping things basically. Other ones are when there are troo many handoffs (they are supposed to ephereral, consumed upon use). What other housekeeping things can you think of?\n\nAnd should it live in CMS or brain2?'), (203,2,'2026-06-17 11:36:18','3c7864d6-7af8-4891-a1b3-d46f48ee6174','edit_path','tools/cms_manifest.py',NULL,'fc48c240cda9f661a5910ceaa833ce91acbea2fb',1,'claude-sonnet-4-6','0.1.0','# Payload → project file mapping for cms_lint.py and cms_update.py.\n# Verbatim-copied artifacts only. Excludes:\n#   - *.md.template files (filled at instantiation, then project-modified)\n#   - tools/lint.py (comes from lint_skeleton.py but gets project-specific checks added)\n#   - mine-session skill (installed by Monition, not CMS directly)\n\nMANIFEST = [\n    # (payload_relative_path, project_relative_path)\n    (\"payload/skills/codify/SKILL.md\",           \".claude/skills/codify/SKILL.md\"),\n    (\"payload/skills/dispatch/SKILL.md\",         \".claude/skills/dispatch/SKILL.md\"),\n    (\"payload/skills/handoff/SKILL.md\",          \".claude/skills/handoff/SKILL.md\"),\n    (\"payload/skills/wrap-session/SKILL.md\",     \".claude/skills/wrap-session/SKILL.md\"),\n    (\"payload/skills/catch-me-up/SKILL.md\",      \".claude/skills/catch-me-up/SKILL.md\"),\n    (\"payload/skills/confer/SKILL.md\",           \".claude/skills/confer/SKILL.md\"),\n    (\"payload/skills/diagnose-process/SKILL.md\", \".claude/skills/diagnose-process/SKILL.md\"),\n    (\"payload/skills/grill-me/SKILL.md\",         \".claude/skills/grill-me/SKILL.md\"),\n    (\"payload/.githooks/pre-commit\",             \".githooks/pre-commit\"),\n    (\"payload/hooks/craft_reminder.py\",          \"tools/craft_reminder.py\"),\n    (\"payload/hooks/session_tokens.py\",          \"tools/session_tokens.py\"),\n    (\"payload/tools/lessons_fire.py\",            \"tools/lessons_fire.py\"),\n    (\"payload/tools/extract_session.py\",         \"tools/extract_session.py\"),\n]\n\n\ndef cms_projects(projects_dir, cms_root):\n    \"\"\"Yield (name, path) for CMS-instantiated projects (have .githooks/pre-commit).\"\"\"\n    import os\n    for name in sorted(os.listdir(projects_dir)):\n        d = os.path.join(projects_dir, name)\n        if d == cms_root or not os.path.isdir(d):\n            continue\n        if os.path.exists(os.path.join(d, \".githooks\", \"pre-commit\")):\n            yield name, d\n'), (204,3,'2026-06-17 13:34:33','fc012ea6-da25-49e5-942b-086220f1bc93','session_start',NULL,NULL,'fc48c240cda9f661a5910ceaa833ce91acbea2fb',1,'claude-opus-4-8','0.1.0',NULL), (205,9,'2026-06-17 15:26:27','3c7864d6-7af8-4891-a1b3-d46f48ee6174','edit_path','method/takeaway-store.md','noise','020db36ad71f06fbe005b30ac269de5c8fc42b13',1,'claude-opus-4-8','0.1.0','## Wiring (downstream)\n\nA store is created with `monition init` (Monition is a declared prerequisite). The\nblock format is defined in Monition\'s store contract (cite, never duplicate).'), (206,20,'2026-06-17 15:27:07','3c7864d6-7af8-4891-a1b3-d46f48ee6174','on_demand','<task-notification>\n<task-id>aaf44342b0ebcbcfc</task-id>\n<tool-use-id>toolu_01RT7Mjk4VBF1jiXRHruHyDQ</tool-use-id>\n<output-file>/tmp/claude-1000/-home-bolun-projects-CMS/3c7864d6-7af8-4891-a1b3-d46f48',NULL,'020db36ad71f06fbe005b30ac269de5c8fc42b13',1,'claude-opus-4-8','0.1.0','<task-notification>\n<task-id>aaf44342b0ebcbcfc</task-id>\n<tool-use-id>toolu_01RT7Mjk4VBF1jiXRHruHyDQ</tool-use-id>\n<output-file>/tmp/claude-1000/-home-bolun-projects-CMS/3c7864d6-7af8-4891-a1b3-d46f48ee6174/tasks/aaf44342b0ebcbcfc.output</output-file>\n<status>completed</status>\n<summary>Agent \"CMS removals: generator + tier-0 + drift tooling\" completed</summary>\n<result>Clean. Here are the verbatim outputs as requested:\n\n**`python3 ~/projects/CMS/tools/cms_lint.py`:**\n```\nexit code: 0\n```\n(no output — 0 errors, 0 warnings)\n\n**`git -C ~/projects/CMS status`:**\n```\nOn branch refactor-forkable\nChanges not staged for commit:\n  (use \"git add/rm &lt;file&gt;...\" to update what will be committed)\n  (use \"git restore &lt;file&gt;...\" to discard changes in working directory)\n\tdeleted:    .claude/skills/instantiate/SKILL.md\n\tdeleted:    method/instantiate.md\n\tmodified:   method/takeaway-store.md\n\tdeleted:    payload/lessons.md.template\n\tdeleted:    payload/tools/lessons_fire.py\n\tmodified:   tools/cms_lint.py\n\tdeleted:    tools/cms_manifest.py\n\tdeleted:    tools/cms_update.py\n\nno changes added to commit (use \"git add\" and/or \"git commit -a\")\n```\n\nAll 8 changes are unstaged in the working tree. No commit was made.\n\n---\n\nSummary of what was done:\n\n- **Deleted** `.claude/skills/instantiate/SKILL.md` and `method/instantiate.md` (generator killed)\n- **Deleted** `payload/tools/lessons_fire.py` and `payload/lessons.md.template` (tier-0 killed)\n- **Deleted** `tools/cms_manifest.py` and `tools/cms_update.py` (drift tooling killed)\n- **Edited** `tools/cms_lint.py`: removed `check_payload_drift`, its `GLOBAL_CHECKS` entry, the `from cms_manifest import ...` import, the `sys.path.insert(...)` line, and the now-unused `PROJECTS_DIR` constant. `check_upstream_candidates` and all other checks are intact.\n- **Edited** `method/takeaway-store.md` §\"Wiring (downstream)\": replaced the tier-0 framing (frozen executor, `lessons.md`, `monition init --adopt` graduation) with a single-sentence statement that `monition init` creates the store. §\"Dolt mechanics\" is untouched.\n- **Consistency check**: no markdown hyperlinks in `method/` or `docs/` pointed to any deleted file — all references were prose-only, which the linter does not check, and the plan reserves those rewrites for a separate workstream.\n\n## Takeaways\n\n**Decisions made:**\n- `PROJECTS_DIR` was removed from `cms_lint.py` as a byproduct — it was only used by `check_payload_drift`. Removing it keeps the file honest rather than leaving a dead constant.\n- Prose references to `instantiate`, `lessons_fire.py`, and `lessons.md` in `docs/DESIGN.md` were left intentionally — they\'re not broken links (no `[text](target)` form), and the plan explicitly defers that prose rewrite to Workstream A.\n\n**Gotchas hit:**\n- The baseline linter produced 8 WARNs (all payload-drift). After removing `check_payload_drift`, those WARNs vanish — the linter is now cleaner than baseline, not just equal. Worth flagging so the parent session knows the WARN count drop is expected.\n- `method/takeaway-store.md` fired takeaway t9/f205 on edit: \"Creating or extending a method discipline another repo must mirror? Assign the canonical owner and the propagation channel in the same change.\" The edit was a deletion/simplification, not an extension, so the takeaway is noise here — but the discipline is sound for Workstream C when skills move to single-source.\n\n**Lessons worth keeping:**\n- When removing a function that owns a module-level import (`from cms_manifest import ...`) and a module-level constant (`PROJECTS_DIR`), sweep for both in the same pass — the import removal is obvious but the constant becomes silently dead.\n- The linter\'s `check_relative_links` skips `payload/` paths entirely (they resolve in the generated project). This means broken links inside payload templates never surface — a known gap to keep in mind when Workstream C moves payload content into `tools/` or `starter/`.</result>\n<usage><subagent_tokens>32794</subagent_tok'), (207,18,'2026-06-17 15:34:17','3c7864d6-7af8-4891-a1b3-d46f48ee6174','on_demand','<task-notification>\n<task-id>a41258b6d2329bdd9</task-id>\n<tool-use-id>toolu_01KsRvbqKkabDHPzY49gbp1A</tool-use-id>\n<output-file>/tmp/claude-1000/-home-bolun-projects-CMS/3c7864d6-7af8-4891-a1b3-d46f48',NULL,'0804a826ecd5434c5b8c7d40705c4a6b0460c528',1,'claude-opus-4-8','0.1.0','<task-notification>\n<task-id>a41258b6d2329bdd9</task-id>\n<tool-use-id>toolu_01KsRvbqKkabDHPzY49gbp1A</tool-use-id>\n<output-file>/tmp/claude-1000/-home-bolun-projects-CMS/3c7864d6-7af8-4891-a1b3-d46f48ee6174/tasks/a41258b6d2329bdd9.output</output-file>\n<status>completed</status>\n<summary>Agent \"CMS structural moves: starter/ + tools/\" completed</summary>\n<result>All 8 renames staged, linter fix staged, linter exits 0. Here is the verbatim output of both verification commands:\n\n**`python3 ~/projects/CMS/tools/cms_lint.py`** — no output, exit code: 0\n\n**`git -C ~/projects/CMS status`:**\n```\nOn branch refactor-forkable\nChanges to be committed:\n  (use \"git restore --staged &lt;file&gt;...\" to unstage)\n\trenamed:    payload/CLAUDE.md.template -&gt; starter/CLAUDE.md.template\n\trenamed:    payload/debt.md.template -&gt; starter/debt.md.template\n\trenamed:    payload/prompts/workstream_bucket_generator.md -&gt; starter/prompts/workstream_bucket_generator.md\n\trenamed:    payload/road.md.template -&gt; starter/road.md.template\n\tmodified:   tools/cms_lint.py\n\trenamed:    payload/hooks/craft_reminder.py -&gt; tools/craft_reminder.py\n\trenamed:    payload/tools/extract_session.py -&gt; tools/extract_session.py\n\trenamed:    payload/tools/lint_skeleton.py -&gt; tools/lint_skeleton.py\n\trenamed:    payload/hooks/session_tokens.py -&gt; tools/session_tokens.py\n```\n\n**What was done:**\n- 4 per-project identity templates moved `payload/` → `starter/` (with `starter/prompts/` created)\n- 4 shared machinery files moved: 2 from `payload/hooks/` and 2 from `payload/tools/` → `tools/`\n- `payload/skills/` and `payload/.githooks/` untouched\n- `payload/hooks/` and `payload/prompts/` now contain only `__pycache__` (untracked); git will drop the dirs in the commit naturally\n- `payload/tools/` same situation — `__pycache__` only, no tracked files remain\n- `tools/cms_lint.py` updated: `check_unfilled_placeholders` now exempts `starter/` alongside `payload/` — the only linter change needed\n- No markdown `[text](path)` links to moved files found in `method/`, `docs/`, or `README.md` — all references were prose backtick mentions, no repairs needed\n\n## Takeaways\n\n**Decision:** `check_unfilled_placeholders` in the linter must be updated whenever a new directory is designated as a template home. The exemption list (`payload/` → `payload/ or starter/`) is the single-source enforcement of \"placeholders live only in template dirs\" — it must track the directory topology. This was a required mechanical fix, not a behavior change to the governance rule.\n\n**Gotcha:** The linter\'s placeholder check uses `rel.startswith(\"payload\")` as a string prefix check, not a path component check. A dir named e.g. `payload_old/` would also be exempted. For `starter/` the same prefix logic works fine, but a future rename should verify this doesn\'t accidentally exempt unintended paths.\n\n**Gotcha:** All prose references to moved files in `method/` and `docs/` use backtick inline code, not `[text](path)` markdown links — so `check_relative_links` had nothing to repair. This is the correct authoring style for file path references in this codebase (prose mentions, not links), and the linter\'s link check correctly ignores them.\n\n**Lesson:** Before any structural file move in CMS, run `grep -rn \'\\[.*\\](.*&lt;target-path&gt;)\'` against `method/`, `docs/`, and `README.md` to isolate actual markdown links from prose mentions. Prose mentions are invisible to the linter and don\'t need updating.</result>\n<usage><subagent_tokens>24387</subagent_tokens><tool_uses>20</tool_uses><duration_ms>91984</duration_ms></usage>\n</task-notification>'), (208,3,'2026-06-18 03:21:30','6d82d5ae-b836-40db-8047-596f8a30156b','session_start',NULL,'helpful','761086243ef060708b87148537b73d83f4bc72ab',0,'claude-sonnet-4-6','0.1.0',NULL), (209,7,'2026-06-18 04:01:55','6d82d5ae-b836-40db-8047-596f8a30156b','on_demand','Can I spawn an agent to resume a session based on a stub and then run /mine-session in there?','noise','761086243ef060708b87148537b73d83f4bc72ab',0,'claude-sonnet-4-6','0.1.0','Can I spawn an agent to resume a session based on a stub and then run /mine-session in there?'), (210,3,'2026-06-18 10:22:40','b5f6b8f0-e94b-45c5-92b5-f7a56c7607fc','session_start',NULL,NULL,'761086243ef060708b87148537b73d83f4bc72ab',1,'claude-opus-4-8','0.1.0',NULL), (211,3,'2026-06-18 11:33:18','6b9182e6-75bd-4fca-b800-285bb33d00d6','session_start',NULL,NULL,'761086243ef060708b87148537b73d83f4bc72ab',1,'claude-opus-4-8','0.1.0',NULL), (212,3,'2026-06-18 11:43:59','b5d35316-20a4-4481-bf6c-f1e0a5ee87b7','session_start',NULL,NULL,'761086243ef060708b87148537b73d83f4bc72ab',1,'claude-opus-4-8','0.1.0',NULL), (213,2,'2026-06-18 13:41:33','6d82d5ae-b836-40db-8047-596f8a30156b','edit_path','tools/session_tokens.py','noise','761086243ef060708b87148537b73d83f4bc72ab',1,'claude-sonnet-4-6','0.1.0','DEFAULT_LOG_PATH = Path.home() / \'.claude\' / \'logs\' / \'sessions.md\'\nDIAGNOSTIC_LOG_PATH = Path.home() / \'.claude\' / \'logs\' / \'session-tokens.log\'\n\n# Sessions whose cwd contains any of these fragments are skipped — they are\n# subagent spawns, worktrees, or temp dirs that don\'t produce session-level\n# knowledge worth indexing. Override by setting CMS_SKIP_CWD (colon-separated).\n_DEFAULT_SKIP_CWD_FRAGMENTS = (\n  \'/tmp/\', \'/-tmp-\', \'/cache/agent-spawn\', \'/cache/agent-workstream\',\n  \'superset-worktrees\', \'agent-spawn-worktrees\',\n)\nSKIP_CWD_FRAGMENTS: tuple[str, ...] = tuple(\n  f for f in os.environ.get(\'CMS_SKIP_CWD\', \'\').split(\':\') if f\n) or _DEFAULT_SKIP_CWD_FRAGMENTS\n\n# Sessions with fewer real user turns than this are drive-bys and skipped.\nMIN_USER_TURNS = 2\n\n# Counter fields summed into the log, plus the non-counter fields'), (214,2,'2026-06-18 13:42:56','6b9182e6-75bd-4fca-b800-285bb33d00d6','edit_path','tools/autoflag.py',NULL,'761086243ef060708b87148537b73d83f4bc72ab',1,'claude-opus-4-8','0.1.0','#!/usr/bin/env python3\n\"\"\"Stop hook: deterministic backstop for the two-tier autoflagger.\n\nTier 1 is the agent itself — a CLAUDE.md rule has it self-flag flag-worthy moments\ninline (the semantic judgment, free, with full context). This script is tier 2: a\nmechanical net that catches one unambiguous, keyword-detectable class the agent might\nskip — an *admitted error* in the just-finished response (the same pattern\n`mine-session` step 0b hunts). It appends a GOVERNANCE flag to the same\n`~/.claude/session-flags.md` that `/flag` writes and `/mine-session` drains.\n\nNo LLM call: regex only. Three load-bearing properties, mirroring craft_reminder.py —\nfires at most once per matched snippet (a backstop that repeats becomes noise), never\nblocks the stop, and fails open (malformed input or any error exits silently; a\nbookmark has no business stopping work).\n\nWire in .claude/settings.json:\n\n    {\"hooks\": {\"Stop\": [{\"hooks\": [\n        {\"type\": \"command\", \"command\": \"python3 tools/autoflag.py\"}]}]}}\n\n(Path is relative to the project; use \"$CLAUDE_PROJECT_DIR/tools/autoflag.py\" if the\nhook may run from another cwd.)\n\"\"\"\nimport hashlib\nimport json\nimport os\nimport re\nimport sys\nfrom datetime import date\nfrom pathlib import Path\n\nFLAGS_FILE = Path.home() / \".claude\" / \"session-flags.md\"\n\n# Admitted-error patterns — kept tight to avoid false positives. Each marks a moment\n# mine-session step 0b would treat as a governance-change candidate.\nPATTERNS = [\n    r\"\\bI was wrong\\b\",\n    r\"\\bI was mistaken\\b\",\n    r\"\\bmy mistake\\b\",\n    r\"\\bI should have (?:checked|verified|read|tested|looked|run)\\b\",\n    r\"\\bI (?:asserted|claimed|said|stated|assumed)\\b[^.]{0,60}\\bwithout (?:verifying|checking|testing|reading)\\b\",\n    r\"\\bI didn\'?t (?:verify|check|test|read|run)\\b\",\n    r\"\\bI (?:incorrectly|wrongly|falsely) (?:assumed|claimed|stated|said|reported)\\b\",\n    r\"\\bturns out (?:I was|that was) (?:wrong|mistaken|incorrect)\\b\",\n]\n_RX = re.compile(\"|\".join(PATTERNS), re.IGNORECASE)\n\n\ndef last_assistant_text(transcript_path):\n    \"\"\"Return the text of the final assistant message in the transcript, or \'\'.\"\"\"\n    text = \"\"\n    try:\n        with open(transcript_path, encoding=\"utf-8\") as fh:\n            for line in fh:\n                line = line.strip()\n                if not line:\n                    continue\n                try:\n                    obj = json.loads(line)\n                except Exception:\n                    continue\n                if obj.get(\"type\") != \"assistant\":\n                    continue\n                content = (obj.get(\"message\") or {}).get(\"content\")\n                if isinstance(content, str):\n                    text = content\n                elif isinstance(content, list):\n                    parts = [\n                        b.get(\"text\", \"\")\n                        for b in content\n                        if isinstance(b, dict) and b.get(\"type\") == \"text\"\n                    ]\n                    if any(parts):\n                        text = \"\\n\".join(p for p in parts if p)\n    except Exception:\n        return \"\"\n    return text\n\n\ndef matched_sentence(text, match):\n    \"\"\"The sentence containing the match, trimmed to a one-liner.\"\"\"\n    start = text.rfind(\".\", 0, match.start()) + 1\n    end = text.find(\".\", match.end())\n    end = len(text) if end == -1 else end + 1\n    sentence = \" \".join(text[start:end].split())\n    return sentence[:160].rstrip()\n\n\ndef main():\n    try:\n        data = json.load(sys.stdin)\n    except Exception:\n        return  # fail open\n\n    # Don\'t act on a stop the agent is already being forced to continue.\n    if data.get(\"stop_hook_active\"):\n        return\n\n    transcript = data.get(\"transcript_path\")\n    if not transcript:\n        return\n\n    text = last_assistant_text(transcript)\n    if not text:\n        return\n\n    m = _RX.search(text)\n    if not m:\n        return\n\n    summary = matched_sentence(text, m)\n\n    # Dedup: one flag per (session, matched-snippet). craft_reminder.py uses the same\n    # /tmp-mark'), (215,5,'2026-06-18 13:43:28','6b9182e6-75bd-4fca-b800-285bb33d00d6','edit_path','.claude/settings.json',NULL,'761086243ef060708b87148537b73d83f4bc72ab',1,'claude-opus-4-8','0.1.0','    \"Stop\": [\n      {\n        \"hooks\": [\n          {\n            \"type\": \"command\",\n            \"command\": \"python3 \\\"$CLAUDE_PROJECT_DIR/tools/autoflag.py\\\"\"\n          }\n        ]\n      }\n    ],\n    \"SessionEnd\": [\n      {\n        \"hooks\": [\n          {\n            \"type\": \"command\",\n            \"command\": \"python3 \\\"$CLAUDE_PROJECT_DIR/tools/session_tokens.py\\\"\"\n          }\n        ]\n      }\n    ],'), (216,6,'2026-06-18 13:43:30','6b9182e6-75bd-4fca-b800-285bb33d00d6','edit_path','.claude/settings.json',NULL,'761086243ef060708b87148537b73d83f4bc72ab',1,'claude-opus-4-8','0.1.0','    \"Stop\": [\n      {\n        \"hooks\": [\n          {\n            \"type\": \"command\",\n            \"command\": \"python3 \\\"$CLAUDE_PROJECT_DIR/tools/autoflag.py\\\"\"\n          }\n        ]\n      }\n    ],\n    \"SessionEnd\": [\n      {\n        \"hooks\": [\n          {\n            \"type\": \"command\",\n            \"command\": \"python3 \\\"$CLAUDE_PROJECT_DIR/tools/session_tokens.py\\\"\"\n          }\n        ]\n      }\n    ],'), (217,5,'2026-06-18 14:04:49','6d82d5ae-b836-40db-8047-596f8a30156b','edit_path','.claude/skills/wrap-session/SKILL.md','helpful','761086243ef060708b87148537b73d83f4bc72ab',1,'claude-sonnet-4-6','0.1.0','---\nname: wrap-session\ndescription: Wrap a session into the global session archive — a rich, embedding-friendly summary file plus a one-line index entry — so a half-remembered future query (\"I remember working on X\") can be found by progressive disclosure. Live mode (no argument): summarizes from the current context window. Backfill mode (/wrap-session <session-id>): reads the transcript to wrap a missed past session. Use when the user invokes /wrap-session [session-id], says \"wrap this session\" / \"archive this session\" / \"backfill session <id>\", or is ending a session worth being able to find again. NOT for a decision-ready resume of in-flight work (that\'s /handoff).\n---\n\n# wrap-session\n\nTwo modes depending on whether an argument was passed:\n\n**Live mode** (no argument): you are wrapping the current session. Governing\nprinciple: **summarize only from what is already in your context window.** The\nprompt cache is warm; re-reading the transcript spends tokens to re-derive what\nyou already hold.\n\n**Backfill mode** (`/wrap-session <session-id-or-path>`): the live window was\nmissed; wrap from the transcript instead. Quality will be lower than a live wrap\n(compacted content is unrecoverable; only text turns survive extraction). Use for\nimportant missed sessions, not every drive-by.\n\nTwo writes — the rich summary file (rung 2 of the disclosure ladder) and the\none-line index entry in `sessions.md` (rung 1). **Fail open:** if a step\'s input\nis missing, write what you can. An index line with no token counts still beats no\ntrace.\n\n1. **Identify the session and establish the content source.**\n\n   *Live mode:* Get the session marker and provisional token line from the\n   session-token helper in `--print` mode. Find it at\n   `$CLAUDE_PROJECT_DIR/tools/session_tokens.py` and run `python3 <path> --print`.\n   It prints a `<!-- session: <id> -->` marker and a `tokens:` line. This\n   session\'s id is `$CLAUDE_CODE_SESSION_ID` (the harness sets it per session) —\n   the source of truth, because newest-by-mtime misidentifies the session when\n   another runs in the same cwd concurrently. If neither helper path exists, take\n   the marker id from `$CLAUDE_CODE_SESSION_ID` (fall back to the newest\n   `~/.claude/projects/<cwd-slug>/<id>.jsonl`) and skip the counts. Content source\n   is the context window — do not re-read the transcript.\n\n   *Backfill mode:* The argument is either a session ID or a `.jsonl` path.\n   - If it looks like a path: use it directly; session ID is the filename stem.\n   - If it looks like an ID: `find ~/.claude/projects -name \"<id>.jsonl\" 2>/dev/null | head -1`\n     to locate the transcript.\n   - Run `python3 $CLAUDE_PROJECT_DIR/tools/extract_session.py <jsonl-path> --cap 40000`\n     and read its output — this is your content source instead of the context window.\n   - There is no live `tokens:` line to write; the SessionEnd hook already wrote\n     one in the floor entry. Preserve it when updating the index entry in step 3.'), (218,6,'2026-06-18 14:04:54','6d82d5ae-b836-40db-8047-596f8a30156b','edit_path','.claude/skills/wrap-session/SKILL.md','noise','761086243ef060708b87148537b73d83f4bc72ab',1,'claude-sonnet-4-6','0.1.0','---\nname: wrap-session\ndescription: Wrap a session into the global session archive — a rich, embedding-friendly summary file plus a one-line index entry — so a half-remembered future query (\"I remember working on X\") can be found by progressive disclosure. Live mode (no argument): summarizes from the current context window. Backfill mode (/wrap-session <session-id>): reads the transcript to wrap a missed past session. Use when the user invokes /wrap-session [session-id], says \"wrap this session\" / \"archive this session\" / \"backfill session <id>\", or is ending a session worth being able to find again. NOT for a decision-ready resume of in-flight work (that\'s /handoff).\n---\n\n# wrap-session\n\nTwo modes depending on whether an argument was passed:\n\n**Live mode** (no argument): you are wrapping the current session. Governing\nprinciple: **summarize only from what is already in your context window.** The\nprompt cache is warm; re-reading the transcript spends tokens to re-derive what\nyou already hold.\n\n**Backfill mode** (`/wrap-session <session-id-or-path>`): the live window was\nmissed; wrap from the transcript instead. Quality will be lower than a live wrap\n(compacted content is unrecoverable; only text turns survive extraction). Use for\nimportant missed sessions, not every drive-by.\n\nTwo writes — the rich summary file (rung 2 of the disclosure ladder) and the\none-line index entry in `sessions.md` (rung 1). **Fail open:** if a step\'s input\nis missing, write what you can. An index line with no token counts still beats no\ntrace.\n\n1. **Identify the session and establish the content source.**\n\n   *Live mode:* Get the session marker and provisional token line from the\n   session-token helper in `--print` mode. Find it at\n   `$CLAUDE_PROJECT_DIR/tools/session_tokens.py` and run `python3 <path> --print`.\n   It prints a `<!-- session: <id> -->` marker and a `tokens:` line. This\n   session\'s id is `$CLAUDE_CODE_SESSION_ID` (the harness sets it per session) —\n   the source of truth, because newest-by-mtime misidentifies the session when\n   another runs in the same cwd concurrently. If neither helper path exists, take\n   the marker id from `$CLAUDE_CODE_SESSION_ID` (fall back to the newest\n   `~/.claude/projects/<cwd-slug>/<id>.jsonl`) and skip the counts. Content source\n   is the context window — do not re-read the transcript.\n\n   *Backfill mode:* The argument is either a session ID or a `.jsonl` path.\n   - If it looks like a path: use it directly; session ID is the filename stem.\n   - If it looks like an ID: `find ~/.claude/projects -name \"<id>.jsonl\" 2>/dev/null | head -1`\n     to locate the transcript.\n   - Run `python3 $CLAUDE_PROJECT_DIR/tools/extract_session.py <jsonl-path> --cap 40000`\n     and read its output — this is your content source instead of the context window.\n   - There is no live `tokens:` line to write; the SessionEnd hook already wrote\n     one in the floor entry. Preserve it when updating the index entry in step 3.'), (219,27,'2026-06-18 14:47:14','6b9182e6-75bd-4fca-b800-285bb33d00d6','edit_path','docs/decisions/2026-06-18-two-tier-autoflagger.md',NULL,'761086243ef060708b87148537b73d83f4bc72ab',1,'claude-opus-4-8','0.1.0','**How forks get both tiers.** By forking. The tier-1 rule lives in this repo\'s own\n`CLAUDE.md` and the tier-2 script in `tools/` — a fork inherits both unchanged by forking\n(§No profiles, §What CMS is). This is the right channel *for forks*: a fork keeps CMS\'s\nown `CLAUDE.md`, not the starter template.\n\n**Open (separate channel, not done).** `starter/CLAUDE.md.template` is the baseline\n`CLAUDE.md` a *template-scaffolded* project starts from — and it legitimately carries\nbaseline behavioral rules (Context hygiene, Execution discipline, etc.), not just identity\nplaceholders. So seeding the tier-1 judge rule there is a real option *if* we want\nprojects scaffolded from the template to get autoflagging by default — it is **not** the\nretired payload pattern (that retired the generator copying single-sourced *machinery*\ninto N projects; `CLAUDE.md` rules are per-project-owned by design). It simply doesn\'t\naffect forks. Deferred as an explicit choice, not a forbidden one.'), (220,3,'2026-06-18 14:50:07','60ace78a-2770-4c8d-90f1-cdc9daae9cf1','session_start',NULL,NULL,'761086243ef060708b87148537b73d83f4bc72ab',1,'claude-opus-4-8','0.1.0',NULL);
DROP TABLE IF EXISTS `takeaways`;
CREATE TABLE `takeaways` (
  `id` int NOT NULL AUTO_INCREMENT,
  `created` datetime NOT NULL,
  `kind` enum('gotcha','rule','preference') NOT NULL,
  `scope` varchar(255),
  `trigger_kind` enum('edit_path','session_start','on_demand') NOT NULL,
  `trigger_spec` varchar(255),
  `one_liner` varchar(500) NOT NULL,
  `full_content` text,
  `source` varchar(255),
  `status` enum('active','retired') NOT NULL DEFAULT '1',
  `mirror` enum('none','candidate','mirrored') NOT NULL DEFAULT '1',
  PRIMARY KEY (`id`)
) ENGINE=InnoDB AUTO_INCREMENT=29 DEFAULT CHARSET=utf8mb4 COLLATE=utf8mb4_0900_bin;
INSERT INTO `takeaways` (`id`,`created`,`kind`,`scope`,`trigger_kind`,`trigger_spec`,`one_liner`,`full_content`,`source`,`status`,`mirror`) VALUES (1,'2026-06-11 15:45:14','gotcha','instantiation','edit_path','payload/*,payload/**,method/*','Prose here must not contain a literal {{ outside a real payload slot — reference placeholder syntax without the braces, or the linter/instantiation grep treats it as unfilled and blocks.','From the first portfolio-site instantiation: generated road.md prose mentioned \'{{\'-style placeholders, tripping the step-3 \'grep {{\' gate. Fix: reword (\'double-brace-style\'). The cms_lint placeholder check exempts code spans, but the instantiation gate greps raw.','portfolio-site run 2026-06-11','active','none'), (2,'2026-06-11 15:45:15','gotcha','harness','edit_path','tools/*','Permission deny rules match tokens anywhere in a compound Bash command — an \'rm -rf\' cleanup clause or a \'curl\' trips the deny even when the main verb is allowed. Split the command or use plain \'rm -r\'.','Hit during the dolt install: three denials. Two causes: curl* is deny-listed in brain2 settings (worked around with python urllib, with user authorization), and rm -rf in a trailing cleanup clause matched \'Bash(rm -rf *)\'. Deny rules are per-token over the whole command string.','CMS session 2026-06-11','active','none'), (3,'2026-06-11 15:45:15','preference','meta','session_start',NULL,'Ship the thing that fires (skill, hook, check, prompt, row) — not prose describing it. Material-shaped additions to this repo regress to the doc genre default; that failure built v1.','The CMS v1 post-mortem: three sessions produced 22 polished docs nobody loads. The user\'s standing want is operative machinery. When adding here, ask: what is the trigger, and what fires?','CMS v1 post-mortem 2026-06-11','active','none'), (4,'2026-06-11 17:18:09','gotcha','store','edit_path','tools/takeaway*.py','Adding or repurposing a status enum value? Every existing WHERE status = ... filter silently excludes it — grep all consumers before assuming bookkeeping statuses are inert (this is how mirrored rows stopped firing).','The method doc said mirrored takeaways stay active locally; the executors filtered status = \'active\' only, so the flip to mirrored became an unintended kill switch. Found by validating the monition contract against live behavior. Fix: status IN (\'active\',\'mirrored\'). General form: a new enum value defaults to excluded-everywhere — audit every filter on that column.','CMS/monition session 2026-06-11','active','candidate'), (5,'2026-06-11 17:18:09','gotcha','harness','edit_path','.claude/*','Hook commands with relative paths (python3 tools/x.py) break when the session shell cwd drifts — always use $CLAUDE_PROJECT_DIR in settings.json hook commands.','A PreToolUse hook failed mid-session with can-t-open-file because a prior Bash cd left the cwd in takeaways/. Hooks resolve relative paths against the live shell cwd, not the project root. Fix: python3 \"$CLAUDE_PROJECT_DIR\"/tools/x.py. Pipe-test after wiring.','CMS/monition session 2026-06-11','active','candidate'), (6,'2026-06-11 17:18:10','gotcha','store','edit_path','tools/takeaway*.py,.claude/*','Manually piping test JSON into the disclosure executors inserts real rows into firings — use a recognizable synthetic session_id and delete those rows after the test, or the eval data is polluted.','Pipe-testing the hook fix logged firings under session pipetest; cleaned with DELETE FROM firings WHERE session_id = pipetest. The firings table is training data — synthetic firings bias precision metrics.','CMS/monition session 2026-06-11','active','none'), (7,'2026-06-12 00:44:01','rule','handoffs, resumption','on_demand','handoff, resume, pick up','A handoff\'s State section is a snapshot, not ground truth — verify every \"not done yet\" claim against git log before executing; handoffs go stale within a day when other sessions touch the same work.','The cutover handoff (2026-06-11) claimed no CMS changes had landed; commit 1b8dda9 from a later session the same day had already done steps 2-3. Executing the handoff literally would have redone or clobbered finished work. Workaround: treat the handoff\'s Next-actions step-1 verification as mandatory and extend it — diff each State claim against git log since the handoff\'s date before acting on any of them.','2026-06-12 cutover-completion session','active','candidate'), (8,'2026-06-12 00:44:02','rule','contracts, interchange formats','edit_path','payload/*','Implementing one side of a format owned elsewhere? Self-written fixtures can\'t catch dialect drift — round-trip the same fixture through the owning implementation before shipping.','The tier-0 executor parsed all six fixture cases correctly, but only monition init --adopt on the identical file proved both serializations agree (3 imported, 1 rejected with the expected per-block reason). When a contract names a single format owner, its implementation is the test oracle; passing your own parser\'s tests only proves self-consistency.','2026-06-12 tier-0 payload build, commit 27a24bc','active','candidate'), (9,'2026-06-12 03:45:13','rule','cross-repo, ownership, method docs','edit_path','method/*','Creating or extending a method discipline another repo must mirror? Assign the canonical owner and the propagation channel in the same change — unowned cross-repo text degenerates into hand-carried refreshes within hours.','lesson-routing.md was built and queued for monition without deciding ownership; refinements then had to be hand-carried twice the same day until a confer settled it (CMS owns canonical, routing-version stamp, monition mirrors via monition sync\'s hash-check channel). The repo already had the template: the interchange format (monition owns, CMS cites). Ask at creation: who owns the canonical text, and how do changes reach the copies — if the answers aren\'t in the same commit, the friction is scheduled.','2026-06-12 routing/confer session, commits 00b64a8..a87e5b1','active','candidate'), (10,'2026-06-12 19:17:02','rule','consent-gate,crash-recovery','on_demand','crash,crashed,interrupted,resume,last session,take it from there','Resuming after a crash: uncommitted edits to governed files (method/, payload/) sit in a half-crossed consent gate — re-propose them before committing, even if the diff looks finished.','A crash leaves edits that were written but whose consent-gate acceptance was never confirmed — the diff alone won\'t tell you whether the user approved them. This session the in-flight package (tooling.md bullet, session_tokens hook, settings wiring) was re-proposed and re-accepted before commit, and re-checking surfaced two violations of an hours-old committed lesson (t5 anchoring) that would otherwise have shipped. Workaround: treat any uncommitted governed-file edit found at resume as un-consented until re-confirmed. Distinct from t7 (verify handoff STATE claims against git log) — that\'s stale state, this is unconfirmed consent.','session c06f513e / 2026-06-12','active','none'), (11,'2026-06-13 13:50:03','gotcha',NULL,'on_demand','claude -p, headless claude, nested claude, claude subprocess, strict-mcp-config, setting-sources','Shelling out to `claude -p` from inside a project? The child inherits the cwd\'s hooks + .mcp.json — it stalls on MCP health-checks, logs a firing into your eval substrate, and writes its own transcript. Isolate the call.','A nested `claude -p` run with cwd inside a project loads that project\'s settings (hooks) and .mcp.json. Three symptoms: (1) the first call hangs to rc=124 — an MCP server health-check spawn; (2) every call fires the project\'s prompt/session hooks, logging a firing into the firings/eval table and polluting the substrate; (3) each call writes its own session JSONL under ~/.claude/projects, which a corpus builder then re-summarises (the archive eats its own tail). Hermetic recipe: --strict-mcp-config (ignore project .mcp.json) + --setting-sources \'\' (load NO settings, so no hooks fire — auth still loads from credentials) + --no-session-persistence (no transcript stub). Do NOT use --bare: it also drops the apiKeyHelper, so the call fails \'Not logged in\'. And --json-schema hangs the call to timeout in this setup — enforce output shape with a prompt + retry-on-drift, not the schema flag.','session cee33bbd; commit a9ecec7','active','candidate'), (12,'2026-06-13 13:50:04','gotcha',NULL,'on_demand','summarise, summariser, LLM judge, extract, classify, structured output, output format drift','An LLM fed a transcript that\'s itself a handoff/advisory/Q&A will echo that voice and ignore your output format. Put the format spec in the system prompt, the content in the user turn, and retry on drift.','When you summarise/extract/judge over natural-language content, a transcript whose own register is conversational (advisory, handoff, Q&A) drags the model out of your required format — it \'answers\' in that voice instead of emitting your fields. Mitigations that worked: (1) put the format spec in the SYSTEM prompt and pass the content as the user turn — don\'t put instructions plus a tiny example together in one user message, the model mistakes the format template for an example and asks \'where\'s the input?\'; (2) detect drift cheaply (required leading token missing) and retry once with a stricter \'output ONLY the format, no preamble\' instruction — only the minority that drift pay for the second call. CLI --json-schema would force structure but hangs here, so prompt + retry is the fix.','session cee33bbd','active','candidate'), (13,'2026-06-13 13:50:05','rule',NULL,'on_demand','backfill, batch job, OOM, killed, resumable, idempotent, long run','A long sequential batch of nested LLM/`claude` spawns will get OOM-killed mid-run on a memory-tight box — make each step idempotent (skip-existing) and wrap the run in a re-launch loop so a kill resumes instead of restarting.','Spawning hundreds of nested claude processes sequentially on a memory-constrained box (e.g. WSL with several concurrent interactive sessions) reliably triggers an OOM kill partway through — and because it\'s SIGKILL there\'s no traceback, so distinguish it from a code bug (a crash leaves a traceback; a kill doesn\'t). Make the run survivable: (1) idempotent unit of work — skip if the output artifact already exists, so a re-run resumes cheaply; (2) wrap the run in a shell loop that re-invokes until it prints its completion line — the lightweight loop shell survives the kill and each attempt advances. After a kill, confirm no orphaned headless -p child processes leaked (ps).','session cee33bbd','active','candidate'), (14,'2026-06-13 18:54:16','preference','tooling, embeddings','on_demand','chromadb, sentence-transformers, embedding index, RAG, vector index, local-model venv, MiniLM','Building/verifying an embeddings tool (chromadb/sentence-transformers)? Don\'t pay a fresh ~2GB venv install — reuse an existing deps-having venv; the Chroma index and HF model cache are portable across venvs.','sentence-transformers pulls torch (~2GB) plus a model download, so a fresh per-project venv on a memory/disk-tight box is slow and wasteful. Any interpreter that already has chromadb + sentence-transformers (e.g. another local-RAG project\'s venv) can build and query the index — the on-disk Chroma DB and the ~/.cache/huggingface model cache are shared and portable across venvs. Use one to verify correctness immediately; defer the dedicated venv install + MCP registration to a documented one-time step.','session c0f253d5 / commit 7e635db','active','candidate'), (15,'2026-06-13 23:23:51','gotcha','self-audit, incubator, discipline-coverage','on_demand','missing discipline, discipline gap, self-audit, coverage gap, what disciplines, audit method','Auditing the incubator\'s own discipline coverage from inside CMS? Its doc-shaped project-type hides gaps that only bite the code-heavy projects it generates — audit against a differently-shaped downstream project, not CMS itself.','The tech-debt-capture gap survived because CMS is doc-shaped and barely accrues code-debt, so the missing discipline was invisible from inside — it took a code-heavy downstream (VVsim) to surface it. A producer is a biased sample of what it produces: cross-check disciplines against a generated project whose shape actually exercises them.','confer tech-debt shelf / 78e9cc9','active','none'), (16,'2026-06-14 01:37:56','gotcha','git, dates, boundary','on_demand','git --since, --until, commits since, approxidate, git log date','Computing a git log --since/--until boundary? A bare date (--since 2026-06-14) fills its time-of-day from the current wall clock (git approxidate), so same-day commits silently drift in/out — pass an explicit datetime (<date> 00:00:00).','Approxidate fills missing fields from \'now\', so --since <bare-date> means \'<date> at the current time\', not midnight. Fix: pass an explicit \'<date> 00:00:00\'. Testing note: this class of boundary bug passes unit tests written with arbitrary dates and only bites at the real same-day/now boundary — exercise it there (dogfooding a feature on today\'s own session does this for free).','session 7012d564, commit 0fe4895','active','candidate'), (17,'2026-06-14 01:38:18','rule','method-docs, incubator, doc-vs-machinery','on_demand','doc-lag, genuine gap, remaining method docs, missing method doc','Calling a missing method-doc a \'genuine gap\'? Grep payload/ for its firing artifacts first — the machinery often already ships and only the discipline doc lags (doc-lag, not work-lag).','This session, write-path.md was called a \'no-proxy genuine gap\' on a surface read; investigating found the consent gate, decisions shelf, and craft hook all already shipping in payload — plain doc-lag, not work-lag. Before classifying a doc\'s absence as a missing capability, grep for the firing artifacts it would govern.','session 7012d564','active','candidate'), (18,'2026-06-14 15:28:02','gotcha','verification, stale-state, ground-truth','on_demand','deferred, already built, already exists, is it shipped, the doc says, road.md, stale, outdated, current state','Long or multi-day session, or sibling repos / parallel sessions in play? A doc or your earlier-in-session belief is probably stale — before asserting what exists or what a tool does, check ground truth (--help, grep, git log).','Bit 3x this session: claimed CMS had \'no tech-debt system\' when it had been built in parallel; repeated road.md\'s \'score deferred\' when the CLI already shipped score/tune; called write-path.md a \'no-proxy genuine gap\' on a surface read. Each was a stale doc or stale earlier-session model beating current reality. The fix is one cheap check against ground truth — --help / grep / git log. Distinct from t17 (method-doc-gap-specific) and t7 (handoff-specific): the general case across any doc, tool, or sibling repo.','session 7012d564','active','none'), (19,'2026-06-14 16:44:20','rule','method-docs, incubator, doc-vs-machinery, work-lag','on_demand','work-lag, does it actually work, is it wired, is it built, method-doc mechanism, described mode, firing artifact, drains, sweep','About to tell the user a method-doc\'s mechanism/mode works? Grep the owning skill/payload for its firing artifact first — docs describe modes that were never wired (work-lag, the mirror of doc-lag).','This session dispatch.md described an autonomous-triage \'sweep\' and I told the user \'/dispatch drains the shelf in triage mode\' — but the dispatch skill ships only generate+execute; no triage mode exists. A method doc describing a capability is not proof the firing artifact exists. Before relying on or explaining a documented mechanism, grep the owning skill/prompt/hook for the thing that actually fires it. Mirror of takeaway 17 (doc-lag): there the doc lagged shipped machinery; here machinery lags the doc. Either way: verify doc<->machinery by grepping the artifact.','session fbe732fc / commit 32a69c0','active','none'), (20,'2026-06-14 23:03:35','preference','planning, deferral, user-preference','on_demand','defer, deferred, do later, park, parked, leave till later, gated on eval, needs eval data','About to park something as defer / do-later? Check whether the stated rationale (needs eval data / usage volume / too speculative) actually applies to THIS item or was inherited from a sibling it got bundled with — if it is cheap + deterministic and the reason is borrowed, lean toward building now.','On the 2026-06-13 session-archive staleness annotation, the spec had deferred it into the same gated-on-eval-data / usage-volume bucket as the grep-vs-semantic retrieval router — but staleness is a deterministic git count, not a tuned ranking, so the eval-gating rationale fit the router, not staleness; it had been bundled in by association. How to apply: before accepting a defer, check whether the stated rationale actually applies to THIS item or was inherited from a sibling it got bundled with. If it is cheap + deterministic and the rationale is borrowed, surface that and lean toward building now. Still keep genuinely evidence-gated work deferred — separate that from incidentally-bundled work, not stop deferring. Related: lesson-routing.md (under thin evidence prefer the reversible row) holds for genuinely uncertain items.','migrated from auto-memory (defer-cost-preference)','active','none'), (21,'2026-06-17 16:43:22','gotcha',NULL,'on_demand','new module, naming, backends, seam','Before creating a module named after a common seam pattern (backends.py, store.py, hooks.py), grep the repo — that name may already own a different seam.','Monition has backends.py (replay agent seam); a new storage_backends.py had to be named differently to avoid collision. The grep takes 2 seconds; the silent name collision costs a debugging session. Common seam names: backends, store, hooks, adapters, runners.','session 2026-06-17 monition storage-backend refactor','active','none'), (22,'2026-06-17 16:43:23','gotcha',NULL,'on_demand','sqlite, pragma, schema validation, table_info','SQLite PRAGMA table_info(t) returns [] for a missing table — no exception — schema validation loops need an explicit empty-list guard, not exception catching.','Unlike MySQL DESCRIBE (which raises on missing tables), PRAGMA table_info is silent when the table doesn\'t exist. Schema-validation loops that caught subprocess errors to detect missing tables must switch to checking for empty list return. Source: porting the dolt DESCRIBE-based fingerprint check to SQLite in monition.','session 2026-06-17 monition storage-backend refactor','active','none'), (23,'2026-06-17 16:43:25','gotcha',NULL,'on_demand','sqlite, now(), datetime, mysql, backend, dialect','SQLite uses datetime(\'now\') where MySQL/Dolt uses NOW() — translate at the backend boundary, not at every call site.','Existing SQL strings written for Dolt use NOW(). Adding _adapt(sql) to SqliteBackend with a simple replace keeps all dialect bridging inside the backend class; call sites stay unchanged. If you try to fix it at the call sites, you scatter dialect awareness everywhere.','session 2026-06-17 monition storage-backend refactor','active','none'), (24,'2026-06-18 02:56:38','gotcha',NULL,'on_demand',NULL,'Making a repo public publishes its ENTIRE git history — scrubbing the working tree leaves provenance/secrets/firings in past commits. Publish a clean-slate squash (orphan branch, single commit); run the final pre-publish leak scan UNFILTERED — do not exclude dirs you skipped while scrubbing.','Why: a public repo exposes git log; old commits keep everything scrubbed from the working tree (CMS: 41 commits had brain2 refs; dump.sql firings recoverable). Tracked handoffs/ with brain2 refs slipped through because the scrub sweeps excluded handoffs/ — the pre-publish leak scan must NOT carry that exclusion. Workaround: git checkout --orphan <release>; one commit; verify git rev-list --count ==1 and git grep on the orphan; keep full history in a private archive repo.','2026-06-18 forkable-refactor publish','active','none'), (25,'2026-06-18 02:56:40','gotcha',NULL,'on_demand',NULL,'gh repo create <name> silently no-ops if the repo already exists — the --public/visibility flag is NOT applied, and a pre-existing default branch can carry old history. After any repo create-or-push, verify visibility + branches + default via gh repo view before trusting it.','On publish: bobrobaker/CMS pre-existed PRIVATE with a stale brain2-laden master as default; gh repo create said \"Name already exists\" and --public was ignored (nothing leaked, by luck). Caught only by gh repo view --json visibility,defaultBranchRef + gh api repos/OWNER/REPO/branches. Fix: set default to the clean branch, delete the stale branch (back up first), then flip visibility via gh api -X PATCH repos/OWNER/REPO -F private=false (gh repo edit --visibility was unrecognized in this gh version).','2026-06-18 forkable-refactor publish','active','none'), (26,'2026-06-18 02:56:41','gotcha',NULL,'on_demand',NULL,'Installing a Python CLI in a bootstrap/install script: never pip install into system Python (PEP 668 refuses on modern Debian/Ubuntu/WSL) — use uv tool / pipx if present, else a dedicated venv + a launcher symlinked onto PATH. Detect the tool with command -v <cli>, not a python import-check (which false-positives from any cwd containing a same-named subdir).','Both bit the CMS bootstrap: (1) pip install -e into system python failed with externally-managed-environment; (2) the guard python3 -c import-monition false-positived because CMS has a monition/ subdir (namespace package, __file__ None) and checked the wrong interpreter (the CLI lives in its own venv). 2026 practice: uv tool install / pipx isolate CLI tools and sidestep PEP 668; fallback with neither is python3 -m venv + ln -s the launcher into ~/.local/bin.','2026-06-18 forkable-refactor publish','active','none'), (27,'2026-06-18 14:15:17','rule','decisions,governance,immutability','edit_path','docs/decisions/*.md','Editing a decision doc? They are immutable point-in-time records — don\'t rewrite a landed call. To change it, add a NEW dated decision and annotate the old one as superseded (doc/section/sentence, whatever fits). The only allowed edit to an existing decision is that supersession pointer.','Decision docs in docs/decisions/ record what was decided and why, when. Rewriting one erases the reasoning a later session needs. Convention (docs/decisions/README.md): supersede, don\'t rewrite — write a new dated YYYY-MM-DD-slug.md stating the new call and why it replaces the old, then annotate the OLD entry with a \'Superseded by\' pointer at the granularity that changed (doc-level banner for a full overturn, inline paragraph/sentence note for a partial one), leaving its original body intact. Exception: while authoring a brand-new entry in the same change, normal drafting edits are fine — this guards landed decisions, not the one being written.','2026-06-18 two-tier-autoflagger session','active','none'), (28,'2026-06-18 14:50:18','gotcha',NULL,'on_demand','search_sessions OR \"can\'t find session\" OR semantic session search','floor-only sessions are grep-visible but semantically invisible — search_sessions only indexes sessions/*.md; a session without /wrap-session has no summary file and won\'t appear in semantic search','The semantic search tool only embeds ~/.claude/logs/sessions/*.md (summary files written by /wrap-session). The SessionEnd hook writes a floor entry to sessions.md but never creates a summary file. Fix: /wrap-session <id> (backfill mode) creates the summary; re-run index.py to embed it. Keyword grep on sessions.md always works.','session/6d82d5ae','active','none');
